,index,PriceUSD,AdrActCnt,AdrBal1in100KCnt
0,9,1.19999,1208.0,5510.0
1,10,1.19999,1113.0,5458.0
2,11,1.19999,1430.0,5443.0
3,12,0.99,2697.0,5425.0
4,13,1.288,1219.0,5413.0
5,14,1.8848,1606.0,5389.0
6,15,1.79504416247808,1893.0,5323.0
7,16,1.78222244301578,1601.0,5348.0
8,17,1.53307377556984,1542.0,5342.0
9,18,1.29638,1522.0,5353.0
10,19,1.08418656925774,1544.0,5339.0
11,20,1.24,1592.0,5337.0
12,21,1.5218,1378.0,5349.0
13,22,1.43588,1613.0,5345.0
14,23,1.4,1594.0,5342.0
15,24,1.35,1794.0,5341.0
16,25,1.23804,1622.0,5353.0
17,26,1.27119,1779.0,5359.0
18,27,1.18,1715.0,5366.0
19,28,1.13646,1751.0,5363.0
20,29,1.295,1697.0,5360.0
21,30,1.179,1537.0,5368.0
22,31,1.32,1768.0,5362.0
23,32,1.30651,1662.0,5364.0
24,33,1.36,1709.0,5371.0
25,34,1.30828087083577,1645.0,5382.0
26,35,1.23357,1570.0,5385.0
27,36,1.23357,1583.0,5381.0
28,37,1.36287107188779,1641.0,5386.0
29,38,1.34,1732.0,5386.0
30,39,1.27561,1791.0,5386.0
31,40,1.26349378725891,1697.0,5380.0
32,41,1.21,1712.0,5379.0
33,42,1.1857,1676.0,5386.0
34,43,0.927715708357686,1839.0,5403.0
35,44,1.14639,1693.0,5408.0
36,45,0.88557,1760.0,5426.0
37,46,0.955,1781.0,5425.0
38,47,0.95,1646.0,5454.0
39,48,0.93634,1680.0,5443.0
40,49,0.875,1669.0,5442.0
41,50,0.85226,1643.0,5442.0
42,51,0.883689479836353,1551.0,5443.0
43,52,0.94116,1636.0,5448.0
44,53,0.94116,1699.0,5444.0
45,54,0.80588,1712.0,5452.0
46,55,0.91,1878.0,5453.0
47,56,0.8,1754.0,5446.0
48,57,0.68233,1701.0,5446.0
49,58,0.77032,1556.0,5446.0
50,59,0.700769905318527,1537.0,5451.0
51,60,0.604208065458796,1692.0,5442.0
52,61,0.68163,1676.0,5433.0
53,62,0.713644313851549,1633.0,5428.0
54,63,0.654722555230859,1622.0,5435.0
55,64,0.66467,1521.0,5435.0
56,65,0.6796,1528.0,5438.0
57,66,0.60954,1520.0,5446.0
58,67,0.60777,1577.0,5456.0
59,68,0.65114,1555.0,5459.0
60,69,0.6,1512.0,5461.0
61,70,0.633798841028638,1460.0,5459.0
62,71,0.635190847457627,1490.0,5461.0
63,72,0.635190847457627,1408.0,5463.0
64,73,0.59931,1434.0,5467.0
65,74,0.63,1483.0,5464.0
66,75,0.601639343658679,1624.0,5461.0
67,76,0.483236302162478,1708.0,5458.0
68,77,0.559861985973115,1636.0,5458.0
69,78,0.525,1508.0,5456.0
70,79,0.52299,1513.0,5451.0
71,80,0.505,1468.0,5451.0
72,81,0.499479725306838,1581.0,5448.0
73,82,0.440034716540035,1462.0,5439.0
74,83,0.42,1638.0,5436.0
75,84,0.546183513734658,1542.0,5433.0
76,85,0.56491,1684.0,5438.0
77,86,0.55606,1807.0,5447.0
78,87,0.624364857977791,1725.0,5454.0
79,88,0.700519544126242,1779.0,5457.0
80,89,0.83,1850.0,5449.0
81,90,0.99,1825.0,5434.0
82,91,1.17940672121566,2100.0,5438.0
83,92,1.12067336586791,2368.0,5427.0
84,93,0.889342571595558,2097.0,5429.0
85,94,0.99,2234.0,5431.0
86,95,0.9878,2160.0,5431.0
87,96,1.04736265341905,2192.0,5437.0
88,97,0.799,2164.0,5435.0
89,98,0.87638,2042.0,5435.0
90,99,0.959652834599649,1938.0,5448.0
91,100,0.911850192869667,2265.0,5454.0
92,101,1.0,2426.0,5464.0
93,102,0.998,2194.0,5455.0
94,103,0.901914669783752,1976.0,5455.0
95,104,0.750047340736411,2182.0,5466.0
96,105,0.88,1947.0,5471.0
97,106,0.89998421975453,1958.0,5481.0
98,107,0.88,1906.0,5493.0
99,108,0.91,1894.0,5499.0
100,109,0.914427235534775,1999.0,5500.0
101,110,0.999284628872005,2032.0,5521.0
102,111,0.996753607247224,1979.0,5524.0
103,112,0.94,1983.0,5522.0
104,113,0.92,1861.0,5531.0
105,114,0.96,1841.0,5531.0
106,115,0.97,2128.0,5535.0
107,116,0.92,1877.0,5550.0
108,117,0.910014781998831,1944.0,5561.0
109,118,0.87,1829.0,5556.0
110,119,0.858832719462303,1916.0,5560.0
111,120,0.88,1757.0,5565.0
112,121,0.907557786090006,1749.0,5570.0
113,122,0.87,1758.0,5580.0
114,123,0.88,1883.0,5570.0
115,124,0.863293395675044,1880.0,5577.0
116,125,0.82,1789.0,5580.0
117,126,0.83,1868.0,5589.0
118,127,0.84,1869.0,5592.0
119,128,0.86993,1833.0,5591.0
120,129,0.82499,2210.0,5592.0
121,130,0.78994398012858,2057.0,5589.0
122,131,0.79461,1856.0,5598.0
123,132,0.80511,1856.0,5602.0
124,133,0.84374,1881.0,5610.0
125,134,0.899800105201637,1905.0,5610.0
126,135,0.96,2244.0,5608.0
127,136,0.91994,2095.0,5614.0
128,137,0.99,2300.0,5613.0
129,138,1.0,2273.0,5608.0
130,139,0.8671,2245.0,5609.0
131,140,0.94,2560.0,5612.0
132,141,0.9,2345.0,5607.0
133,142,0.893520944476914,2272.0,5611.0
134,143,0.96,2290.0,5615.0
135,144,0.91,2435.0,5616.0
136,145,0.88,2407.0,5622.0
137,146,0.87093,2301.0,5624.0
138,147,0.87,2305.0,5633.0
139,148,0.865924904734074,2223.0,5635.0
140,149,0.853,2364.0,5639.0
141,150,0.86893,2279.0,5644.0
142,151,0.842445938047925,2507.0,5647.0
143,152,0.86,2462.0,5658.0
144,153,0.896515517241379,2447.0,5663.0
145,154,0.94884,2658.0,5664.0
146,155,0.92037,2433.0,5671.0
147,156,0.94999,2486.0,5679.0
148,157,0.957062928112215,2528.0,5686.0
149,158,0.95,2623.0,5693.0
150,159,0.9426,2620.0,5692.0
151,160,0.95,2743.0,5703.0
152,161,0.939947483343074,2788.0,5701.0
153,162,0.985,2696.0,5707.0
154,163,0.969910045587376,2767.0,5702.0
155,164,1.0,2909.0,5704.0
156,165,1.07090673290473,3053.0,5707.0
157,166,1.17745,3070.0,5711.0
158,167,1.13743,2908.0,5726.0
159,168,1.16592069608416,2835.0,5734.0
160,169,1.29089104734074,3217.0,5743.0
161,170,1.21179,2774.0,5747.0
162,171,1.31093687901812,2667.0,5757.0
163,172,1.46624418176505,3137.0,5807.0
164,173,1.35304659848042,2933.0,5842.0
165,174,1.45662153009936,3455.0,5859.0
166,175,1.49593,3047.0,5882.0
167,176,1.52,3114.0,5902.0
168,177,2.01225053594389,3519.0,5923.0
169,178,2.1013847849211,3936.0,5951.0
170,179,2.53372158971362,4148.0,5962.0
171,180,2.38058670368206,4417.0,5967.0
172,181,2.40130981823495,4172.0,5981.0
173,182,2.54645331911163,4568.0,5997.0
174,183,2.48763545119813,4424.0,6020.0
175,184,2.44067,4449.0,6045.0
176,185,2.24267177966102,4497.0,6068.0
177,186,2.16739736703682,4303.0,6074.0
178,187,2.44653,4261.0,6085.0
179,188,2.53,4423.0,6098.0
180,189,2.55007,4210.0,6118.0
181,190,2.56451,4808.0,6132.0
182,191,2.54902,3957.0,6143.0
183,192,2.89807110052601,4143.0,6151.0
184,193,3.18377219345412,4647.0,6190.0
185,194,3.89347676504968,4872.0,6211.0
186,195,4.37768284453536,6143.0,6219.0
187,196,5.87194032261835,8046.0,6248.0
188,197,5.47040384395091,6614.0,6271.0
189,198,5.21879062419638,6183.0,6274.0
190,199,5.15584398305085,5643.0,6296.0
191,200,5.15268737580363,5776.0,6303.0
192,201,4.26236679544126,5797.0,6303.0
193,202,3.81098028872005,5846.0,6304.0
194,203,4.366827735827,5678.0,6325.0
195,204,4.58564058328463,6183.0,6330.0
196,205,4.35048920105202,5328.0,6352.0
197,206,4.62442860549386,6463.0,6363.0
198,207,5.59370853594389,6109.0,6379.0
199,208,5.60993619696084,6178.0,6362.0
200,209,6.23428100935126,6145.0,6367.0
201,210,6.07227434482759,6740.0,6383.0
202,211,5.87555043717125,6649.0,6379.0
203,212,6.31073388778492,6033.0,6382.0
204,213,6.49883606838106,6648.0,6394.0
205,214,6.33325343074226,7332.0,6406.0
206,215,7.52637569959088,7800.0,6418.0
207,216,8.51878790765634,8668.0,6398.0
208,217,9.28491024430157,9175.0,6418.0
209,218,9.97869814319112,9118.0,6445.0
210,219,10.7510062758621,10229.0,6486.0
211,220,10.9844067209234,9887.0,6492.0
212,221,9.47688401578024,8216.0,6468.0
213,222,9.7728496277031,9667.0,6483.0
214,223,11.8170986516657,9456.0,6499.0
215,224,11.1656511233197,9951.0,6525.0
216,225,11.122905396844,9615.0,6551.0
217,226,13.283658818235,10129.0,6582.0
218,227,14.3400544862653,10304.0,6618.0
219,228,12.311385849211,10624.0,6641.0
220,229,13.0422990222092,10566.0,6658.0
221,230,12.7028209514904,9828.0,6681.0
222,231,11.0503306107539,10415.0,6702.0
223,232,10.8461398468732,10940.0,6667.0
224,233,10.5016330590298,9708.0,6693.0
225,234,10.2405717878434,10253.0,6702.0
226,235,11.8347655233781,10528.0,6741.0
227,236,11.2960089403857,9934.0,6780.0
228,237,12.4052275651666,10346.0,6799.0
229,238,11.167820943308,10342.0,6816.0
230,239,10.6561121274109,10173.0,6814.0
231,240,11.0021322945646,9995.0,6829.0
232,241,10.3864397071888,10785.0,6829.0
233,242,11.6568222752776,11015.0,6858.0
234,243,11.6889505213326,12530.0,6858.0
235,244,11.8662580976037,12999.0,6847.0
236,245,11.3805020005845,12255.0,6853.0
237,246,11.634682565751,11105.0,6873.0
238,247,11.6253264757452,11011.0,6884.0
239,248,11.6097399362946,10977.0,6891.0
240,249,11.1254464348334,11850.0,6902.0
241,250,10.4364448877849,12303.0,6912.0
242,251,10.7240740794857,12049.0,6909.0
243,252,10.0923154412624,11965.0,6898.0
244,253,9.71449246171829,11777.0,6893.0
245,254,9.10883037872589,12119.0,6885.0
246,255,8.87182292402104,12983.0,6887.0
247,256,8.69525671537113,12213.0,6897.0
248,257,7.4949641735827,12764.0,6903.0
249,258,8.04542446054939,13109.0,6918.0
250,259,8.45583827527761,12455.0,6897.0
251,260,8.21057201344243,11977.0,6919.0
252,261,8.57401139099942,12022.0,6923.0
253,262,9.33850245178258,12623.0,6939.0
254,263,8.98708852425482,12628.0,6954.0
255,264,8.74754864932788,12548.0,6965.0
256,265,8.50508721332554,12843.0,6973.0
257,266,8.15181716540035,13765.0,6977.0
258,267,7.90673911747516,12957.0,6969.0
259,268,8.41247736469901,12726.0,6948.0
260,269,8.00785114552893,12833.0,6953.0
261,270,7.51964895265927,13365.0,6976.0
262,271,7.43243647223846,13516.0,6980.0
263,272,7.79292508533022,13354.0,6976.0
264,273,7.25401684395091,13144.0,6997.0
265,274,7.4498408755114,15158.0,7000.0
266,275,8.81711589421391,19807.0,6974.0
267,276,8.77974883343074,15667.0,6953.0
268,277,10.0712527831677,17759.0,6947.0
269,278,9.36254626475746,15057.0,6950.0
270,279,9.37736405669199,14731.0,6942.0
271,280,9.76751992986558,14974.0,6940.0
272,281,9.37613761835184,14813.0,6956.0
273,282,9.38955362945646,14378.0,6952.0
274,283,9.50255639976622,14903.0,6931.0
275,284,9.35556831794272,15448.0,6893.0
276,285,9.39206859146698,15518.0,6862.0
277,286,9.93194304792519,17098.0,6765.0
278,287,10.0866100637054,18113.0,6739.0
279,288,10.6019870642899,18920.0,6594.0
280,289,10.2316977346581,16806.0,6393.0
281,290,9.98070815254237,16252.0,6389.0
282,291,11.114176936879,15620.0,6364.0
283,292,12.1861296873174,17239.0,6370.0
284,293,13.3669491794272,19994.0,6381.0
285,294,14.4955469053185,19769.0,6356.0
286,295,13.6553194693162,20056.0,6348.0
287,296,14.0069761648159,19027.0,6368.0
288,297,14.2251007592051,16248.0,6387.0
289,298,13.3380535230859,18526.0,6399.0
290,299,12.7534579099942,17641.0,6418.0
291,300,12.5230016165985,18653.0,6442.0
292,301,12.5269520222092,24821.0,6452.0
293,302,11.2072346171829,20485.0,6421.0
294,303,11.8741358088837,29324.0,6404.0
295,304,12.382008962595,19701.0,6415.0
296,305,12.6808595523086,18014.0,6416.0
297,306,14.0467417369959,18729.0,6413.0
298,307,13.9132192115722,18033.0,6415.0
299,308,13.8279425201636,17774.0,6415.0
300,309,13.8905734938632,17209.0,6436.0
301,310,13.7240073641146,16879.0,6446.0
302,311,13.932690873758,16846.0,6463.0
303,312,13.9915409222677,18113.0,6478.0
304,313,14.5364203635301,21757.0,6509.0
305,314,14.5036702378726,18505.0,6474.0
306,315,14.4792054728229,17937.0,6488.0
307,316,13.9494789590883,18752.0,6498.0
308,317,14.2295804792519,15665.0,6497.0
309,318,15.7741600157802,19526.0,6508.0
310,319,17.6730242136178,22543.0,6527.0
311,320,18.7374935756867,22750.0,6544.0
312,321,18.4093292127411,19951.0,6570.0
313,322,20.728866373758,20507.0,6540.0
314,323,15.4545176265342,35310.0,6518.0
315,324,11.2595861858562,34979.0,6390.0
316,325,12.3184533749269,24631.0,6412.0
317,326,11.6931481367621,23734.0,6383.0
318,327,13.0507380344828,22409.0,6419.0
319,328,13.2261549602572,25137.0,6445.0
320,329,13.7982121712449,20580.0,6445.0
321,330,14.3846063056692,21462.0,6469.0
322,331,14.348954899474,18544.0,6446.0
323,332,13.8508364576271,22252.0,6442.0
324,333,14.0692094097019,19552.0,6462.0
325,334,12.1880433097604,21499.0,6473.0
326,335,12.7123285505552,20187.0,6488.0
327,336,12.4567760923437,19713.0,6490.0
328,337,12.2765263693746,20006.0,6493.0
329,338,12.1115057475161,19728.0,6493.0
330,339,11.808243704851,20052.0,6496.0
331,340,11.4185644190532,20543.0,6461.0
332,341,10.5196850140269,20930.0,6478.0
333,342,10.5590482302747,19880.0,6460.0
334,343,10.1132561992987,20059.0,6475.0
335,344,11.3497097738165,20907.0,6495.0
336,345,10.9529740350672,21237.0,6518.0
337,346,10.9615454120397,20305.0,6537.0
338,347,10.5665038094681,19487.0,6562.0
339,348,10.5533483343074,21151.0,6572.0
340,349,10.4472725622443,18017.0,6548.0
341,350,11.5363697253068,20859.0,6552.0
342,351,11.9935055680888,20896.0,6525.0
343,352,11.7186658790181,19326.0,6544.0
344,353,11.256689301578,16402.0,6567.0
345,354,11.082677006429,18988.0,6564.0
346,355,11.6756251139684,26614.0,5492.0
347,356,12.5035100672122,25428.0,5730.0
348,357,12.7455916423144,22477.0,5866.0
349,358,14.824882893045,24563.0,5917.0
350,359,14.4444565990649,22510.0,5956.0
351,360,12.7206305338983,26999.0,5869.0
352,361,13.8402949456458,25220.0,5796.0
353,362,11.9632849389246,30114.0,5630.0
354,363,13.0615638901227,28854.0,5564.0
355,364,12.8882031560491,24418.0,5508.0
356,365,12.8780128211572,23504.0,5537.0
357,366,12.5187606575102,20537.0,5561.0
358,367,11.9461159415546,21395.0,5574.0
359,368,11.0070294517826,21697.0,5587.0
360,369,8.35610662244301,20299.0,5553.0
361,370,10.5420244903565,22724.0,5609.0
362,371,11.2604717407949,21846.0,5661.0
363,372,11.1665537159556,20746.0,5668.0
364,373,10.9901114880187,19499.0,5704.0
365,374,11.0233006756283,20085.0,5715.0
366,375,11.3098848924605,20439.0,5738.0
367,376,12.3070738457043,22799.0,5761.0
368,377,12.094597383986,21183.0,5817.0
369,378,11.7053606078317,22502.0,5842.0
370,379,11.7980366867329,20078.0,5891.0
371,380,11.5771173313852,19446.0,5922.0
372,381,11.2605888357686,19439.0,5944.0
373,382,11.1594932787843,19883.0,5973.0
374,383,11.1599375049679,20876.0,5995.0
375,384,10.8013383448276,20012.0,5999.0
376,385,10.7569965517241,19717.0,6018.0
377,386,10.7463138515488,20028.0,6019.0
378,387,11.2954566779661,19626.0,6027.0
379,388,11.1615502969024,20155.0,6021.0
380,389,11.0871430450029,19998.0,6036.0
381,390,10.9988015020456,21902.0,6031.0
382,391,11.0160879602572,19911.0,6048.0
383,392,11.3389093699591,21375.0,6075.0
384,393,11.2794702279369,19894.0,6074.0
385,394,11.1837917556984,19759.0,6053.0
386,395,11.0071141431911,20068.0,6063.0
387,396,10.9581454997078,21079.0,6068.0
388,397,11.2509861542957,20261.0,6077.0
389,398,11.6065258129749,21843.0,6087.0
390,399,12.1157511525424,22184.0,6104.0
391,400,12.1418857457627,22712.0,6096.0
392,401,11.8944626241964,20236.0,6116.0
393,402,11.7517066943308,20979.0,6126.0
394,403,11.7740570724722,20429.0,6142.0
395,404,11.7258868883694,20734.0,6152.0
396,405,11.586400940678,19728.0,6149.0
397,406,11.4100041174752,22666.0,6151.0
398,407,11.6603326066628,20896.0,6152.0
399,408,12.1512841496201,20367.0,6169.0
400,409,11.6625664564582,20742.0,6172.0
401,410,11.9029244231444,21974.0,6186.0
402,411,11.9358937463472,20755.0,6205.0
403,412,11.9219326843951,20528.0,6219.0
404,413,11.9770412472238,21252.0,6235.0
405,414,12.6065540923437,21568.0,6228.0
406,415,12.8097695207481,21193.0,6261.0
407,416,12.4434286271186,19686.0,6292.0
408,417,13.0277880993571,20994.0,6295.0
409,418,14.7165246510812,24631.0,6302.0
410,419,13.7703979170076,20955.0,6273.0
411,420,13.1966770894214,17551.0,6294.0
412,421,13.3695272238457,18092.0,6310.0
413,422,12.9613744593805,18565.0,6318.0
414,423,13.085549912332,20158.0,6290.0
415,424,12.862145917592,23266.0,6297.0
416,425,13.0980911209819,17521.0,6307.0
417,426,13.3183411092928,18839.0,6312.0
418,427,13.133496025716,19818.0,6309.0
419,428,13.2596977603741,17640.0,6325.0
420,429,13.2374148895383,22028.0,6333.0
421,430,13.2839713617767,22758.0,6308.0
422,431,13.5005305698422,21671.0,6316.0
423,432,13.3260360841613,40270.0,6316.0
424,433,13.0834668217417,17560.0,6329.0
425,434,12.8729818819404,18040.0,6335.0
426,435,12.6904481753361,19625.0,6340.0
427,436,12.2435036364699,19591.0,6319.0
428,437,12.0857872589129,20008.0,6291.0
429,438,11.7732482127411,51780.0,6286.0
430,439,11.7647782507306,2268294.0,6277.0
431,440,11.8266073921683,7157228.0,6283.0
432,441,11.9585693606078,4981603.0,6284.0
433,442,11.9049818819404,1015290.0,6280.0
434,443,11.957119257744,713710.0,6279.0
435,444,11.96180171128,1183203.0,6310.0
436,445,11.9689210987727,1078043.0,6303.0
437,446,12.5500731595558,879126.0,6306.0
438,447,11.9925057539451,14565.0,6329.0
439,448,12.0624716101695,20948.0,6354.0
440,449,12.0819085330216,23299.0,6368.0
441,450,12.043858585038,19093.0,6362.0
442,451,11.9570144576271,17749.0,6361.0
443,452,11.9264431618936,18902.0,6357.0
444,453,11.3266441046172,19401.0,6369.0
445,454,11.4940479836353,19013.0,6367.0
446,455,11.4758968591467,18772.0,6360.0
447,456,11.1283608649912,18838.0,6356.0
448,457,10.4133396382233,17149.0,6332.0
449,458,11.2365086464056,15450.0,6332.0
450,459,10.976982628872,19967.0,6313.0
451,460,10.8072025587376,20645.0,6258.0
452,461,10.8340809251899,21127.0,6258.0
453,462,10.8688609450614,19392.0,6259.0
454,463,11.1541980824079,13375.0,6285.0
455,464,11.1425230835769,16488.0,6271.0
456,465,10.9939136177674,15005.0,6288.0
457,466,10.9156866861485,18175.0,6273.0
458,467,10.8588094389246,16982.0,6277.0
459,468,10.6574666475745,17488.0,6275.0
460,469,10.5204114956166,16205.0,6288.0
461,470,10.290054452367,17674.0,6228.0
462,471,9.88841032670953,16239.0,6222.0
463,472,10.1176767387493,17673.0,6226.0
464,473,10.0172283571011,16136.0,6230.0
465,474,10.2417277703098,17175.0,6231.0
466,475,10.0225825832846,16052.0,6213.0
467,476,9.93872796025716,15955.0,6221.0
468,477,9.51819493395675,16522.0,6227.0
469,478,9.7004858679135,15736.0,6225.0
470,479,9.58891222559906,16560.0,6238.0
471,480,9.53756317708942,16573.0,6226.0
472,481,9.85380703156049,121548.0,6182.0
473,482,9.79015008942139,2201887.0,6207.0
474,483,9.22138124488603,1518571.0,6224.0
475,484,9.41386307305669,1707643.0,6220.0
476,485,9.31205627118644,2236731.0,6223.0
477,486,8.91463851198129,4138216.0,6232.0
478,487,8.68169444944477,4295076.0,6241.0
479,488,8.16833660783168,3154919.0,6236.0
480,489,8.60721732904734,159809.0,6253.0
481,490,8.45638715955582,14917.0,6258.0
482,491,7.67124288720047,18020.0,6243.0
483,492,7.89398178550555,19886.0,6223.0
484,493,7.47449172238457,21023.0,6227.0
485,494,6.73351910169491,20575.0,6204.0
486,495,7.7770034289889,18629.0,6193.0
487,496,8.35538933781414,15252.0,6224.0
488,497,8.26426946493279,15363.0,6245.0
489,498,8.49242592811222,16393.0,6209.0
490,499,8.12186280713033,16651.0,6224.0
491,500,8.2296987445938,15625.0,6214.0
492,501,8.52116493980129,16013.0,6225.0
493,502,8.41006104558737,14703.0,6237.0
494,503,8.239893685564,16620.0,6245.0
495,504,7.81254800701344,17580.0,6236.0
496,505,7.8575081987142,16335.0,6245.0
497,506,7.79680409760374,15730.0,6235.0
498,507,7.90739229719462,13717.0,6252.0
499,508,7.60991483635301,17182.0,6261.0
500,509,7.62558996580947,16898.0,6272.0
501,510,7.88992567153711,16045.0,6260.0
502,511,7.58389207481006,23152.0,6253.0
503,512,7.16697962127411,17335.0,6259.0
504,513,7.24266080187025,15279.0,6266.0
505,514,7.20134819403857,13822.0,6282.0
506,515,7.24033197545295,13945.0,6288.0
507,516,7.15374168614845,14690.0,6290.0
508,517,7.62361589012274,15321.0,6278.0
509,518,8.30259408708358,15585.0,6276.0
510,519,8.21893582700175,15825.0,6287.0
511,520,8.12632962185856,15928.0,6281.0
512,521,8.17785176797195,13946.0,6290.0
513,522,8.3784564868498,15232.0,6296.0
514,523,9.69747177030976,14868.0,6308.0
515,524,11.0686323909994,18066.0,6287.0
516,525,10.2247939114553,18850.0,6281.0
517,526,10.1258320169492,17287.0,6270.0
518,527,9.92474459380479,16709.0,6289.0
519,528,10.4385973290473,15727.0,6307.0
520,529,10.3648285651666,17353.0,6312.0
521,530,10.6283672121566,16350.0,6324.0
522,531,9.97243464874343,16407.0,6322.0
523,532,9.77226410344828,18118.0,6332.0
524,533,9.81302504967855,17532.0,6336.0
525,534,9.77886792986558,16539.0,6348.0
526,535,9.87137750146113,16277.0,6369.0
527,536,9.61363526943308,16857.0,6362.0
528,537,10.2436392735243,17779.0,6360.0
529,538,10.2417576405611,16719.0,6379.0
530,539,10.4345745926359,16434.0,6379.0
531,540,10.6508334517826,18418.0,6392.0
532,541,10.9621638223261,16291.0,6380.0
533,542,10.7040929427236,16436.0,6398.0
534,543,10.7988108357686,16840.0,6401.0
535,544,10.545993207481,17693.0,6412.0
536,545,10.5133496668615,16459.0,6429.0
537,546,10.6258650140269,16994.0,6449.0
538,547,10.5341234798364,16409.0,6458.0
539,548,10.5638735827002,16621.0,6468.0
540,549,10.4949952659264,15710.0,6471.0
541,550,10.5793407966102,17322.0,6471.0
542,551,10.7060901987142,15900.0,6473.0
543,552,10.7228105669199,16645.0,6485.0
544,553,10.8279625645821,16639.0,6489.0
545,554,10.9571067597896,16220.0,6500.0
546,555,11.3959769257744,17283.0,6493.0
547,556,11.2444300976037,17145.0,6496.0
548,557,11.3366601163063,16440.0,6498.0
549,558,11.4869003085915,16941.0,6522.0
550,559,11.4007932261835,17666.0,6539.0
551,560,10.9898948129749,17228.0,6558.0
552,561,11.3733687919345,17116.0,6564.0
553,562,11.4835259848042,16194.0,6576.0
554,563,11.4637379637639,17549.0,6572.0
555,564,11.3888621858562,18652.0,6564.0
556,565,13.0940965563998,19469.0,6497.0
557,566,13.0142665108124,19536.0,6420.0
558,567,12.8854819877265,18484.0,6420.0
559,568,12.774232597896,18335.0,6387.0
560,569,12.8982752191701,18471.0,6393.0
561,570,12.8614133553478,17465.0,6393.0
562,571,12.7023435815313,18807.0,6400.0
563,572,12.8127439205143,19273.0,6399.0
564,573,12.7348605955582,18605.0,6411.0
565,574,13.2532427001753,18090.0,6439.0
566,575,13.1775699006429,19912.0,6396.0
567,576,13.6454301665693,18853.0,6418.0
568,577,14.6590073091759,18893.0,6418.0
569,578,15.6568423302162,20317.0,6428.0
570,579,15.6533547393337,23302.0,6433.0
571,580,17.2656843547633,25905.0,6463.0
572,581,19.204561207481,32103.0,6453.0
573,582,19.6547031858562,27002.0,6464.0
574,583,18.6842248883694,23685.0,6441.0
575,584,19.3011112244302,23431.0,6458.0
576,585,19.7310337568673,23416.0,6477.0
577,586,18.8391078433665,21977.0,6493.0
578,587,16.6778201776739,22169.0,6510.0
579,588,17.798087509059,25523.0,6515.0
580,589,19.1809420046756,25460.0,6447.0
581,590,21.4462162478083,24761.0,6452.0
582,591,23.2196188281707,26504.0,6423.0
583,592,28.5448137270602,34982.0,6466.0
584,593,28.5762455482174,31196.0,6537.0
585,594,34.6731720058445,32623.0,6577.0
586,595,44.7765893758036,45633.0,6463.0
587,596,44.127845295149,43985.0,6439.0
588,597,32.2416653909994,36446.0,6470.0
589,598,43.3432976668615,31968.0,6507.0
590,599,41.8270432928112,32701.0,6555.0
591,600,42.3989190461718,33443.0,6521.0
592,601,41.1990631186441,31097.0,6526.0
593,602,43.140975748685,30922.0,6562.0
594,603,52.9880817066043,37091.0,6533.0
595,604,50.1573111630625,34083.0,6565.0
596,605,50.380642766803,30560.0,6582.0
597,606,48.8407655622443,36649.0,6580.0
598,607,50.2165826206897,33145.0,6609.0
599,608,52.9549353074226,33690.0,6646.0
600,609,51.8379855821157,39494.0,6721.0
601,610,50.0319167153711,45702.0,6662.0
602,611,50.6856101426067,32819.0,6677.0
603,612,48.7942622232613,36178.0,6683.0
604,613,44.1242026744594,43803.0,6730.0
605,614,44.2334705575687,36556.0,6698.0
606,615,45.345952899474,37087.0,6681.0
607,616,43.2308226411455,41331.0,6712.0
608,617,42.4313812974869,33358.0,6758.0
609,618,44.6247199088253,30344.0,6722.0
610,619,43.9210733267095,29946.0,6740.0
611,620,43.9867391759205,32259.0,6757.0
612,621,43.9088074582116,31056.0,6771.0
613,622,46.356845351841,35689.0,6786.0
614,623,49.9132952574518,34575.0,6791.0
615,624,47.1097739795441,33338.0,6792.0
616,625,49.1234506072472,31420.0,6782.0
617,626,48.1771319462303,28167.0,6791.0
618,627,47.8490843132671,30233.0,6820.0
619,628,49.8912425108124,34926.0,6888.0
620,629,48.0668974666862,35182.0,6886.0
621,630,49.3441459731151,37459.0,6900.0
622,631,48.5441502594974,36875.0,6908.0
623,632,48.6126565376973,32677.0,6898.0
624,633,48.8707930379895,31519.0,6908.0
625,634,50.1052582127411,37171.0,6896.0
626,635,50.2949234336645,35038.0,6912.0
627,636,53.5068268007014,43652.0,6946.0
628,637,63.3839737416715,50941.0,6966.0
629,638,73.2896960841613,43952.0,7002.0
630,639,70.4783451390999,40604.0,7007.0
631,640,80.5040275862069,43238.0,6982.0
632,641,78.3656599269433,50352.0,6981.0
633,642,77.6578077147867,48989.0,6999.0
634,643,81.155050748685,42085.0,7038.0
635,644,95.4461979970777,53852.0,7060.0
636,645,91.2619477144945,51379.0,7059.0
637,646,95.5202134447691,46305.0,7082.0
638,647,76.6355311633548,53043.0,7081.0
639,648,89.3967222244301,58390.0,7129.0
640,649,86.2167880181181,57329.0,7117.0
641,650,88.0493733267096,57321.0,7141.0
642,651,88.2398370724722,58056.0,7151.0
643,652,85.485073163647,52550.0,7166.0
644,653,88.2832749123319,48670.0,7207.0
645,654,89.4800016691993,50833.0,7218.0
646,655,90.8514018176505,61036.0,7250.0
647,656,88.2582728825248,61723.0,7262.0
648,657,86.8320563541789,68437.0,7285.0
649,658,95.83543393045,68814.0,7298.0
650,659,124.608196428989,84077.0,7354.0
651,660,124.620777756867,69003.0,7410.0
652,661,147.731762711864,73366.0,7354.0
653,662,153.63485777557,89303.0,7359.0
654,663,169.076412100526,101993.0,7435.0
655,664,191.874668920514,102757.0,7422.0
656,665,180.691296002338,97544.0,7420.0
657,666,164.60314556692,91512.0,7405.0
658,667,155.72604947107,79409.0,7404.0
659,668,173.216734450029,80003.0,7405.0
660,669,193.881140413501,85386.0,7427.0
661,670,228.073706624196,108206.0,7447.0
662,671,229.102651646406,117434.0,7359.0
663,672,220.986285654588,110181.0,7527.0
664,673,221.467074215663,102330.0,7568.0
665,674,224.307389632379,92861.0,7551.0
666,675,245.468700092928,97988.0,7542.0
667,676,248.05642671128,103393.0,7559.0
668,677,264.404235562244,109053.0,7558.0
669,678,256.981876225599,110230.0,7563.0
670,679,258.372808144944,101337.0,7599.0
671,680,278.428987158387,112166.0,7674.0
672,681,344.951987142022,115271.0,7708.0
673,682,344.026909994155,135899.0,7635.0
674,683,389.19372150789,158263.0,7556.0
675,684,387.25153943834,154634.0,7568.0
676,685,341.446636869375,139341.0,7528.0
677,686,342.119337795441,142301.0,7542.0
678,687,352.629732300117,129910.0,7543.0
679,688,368.03726914436,127728.0,7525.0
680,689,350.534463086499,133592.0,7507.0
681,690,357.681361649328,152181.0,7443.0
682,691,349.288913500877,159337.0,7568.0
683,692,320.277859038574,133149.0,7468.0
684,693,320.145963176505,168978.0,7480.0
685,694,325.991536277031,158543.0,7487.0
686,695,304.768927811221,146929.0,7878.0
687,696,276.242345104617,138239.0,7751.0
688,697,255.033414298656,175036.0,7529.0
689,698,281.08192129398,142785.0,7426.0
690,699,317.776258400351,150010.0,7410.0
691,700,293.999290413793,144689.0,7387.0
692,701,276.846878461718,145470.0,7345.0
693,702,261.219362042665,130618.0,7368.0
694,703,286.533256667446,128992.0,7540.0
695,704,276.381727718293,159480.0,7310.0
696,705,269.404834744594,151480.0,7351.0
697,706,266.262281550555,142843.0,7382.0
698,707,266.656013065459,133953.0,7391.0
699,708,240.161421859147,154707.0,7419.0
700,709,244.196069263004,132014.0,7412.0
701,710,237.960754773232,120184.0,7336.0
702,711,203.667605391584,144224.0,7433.0
703,712,192.891972717709,147519.0,7409.0
704,713,220.375114831385,143779.0,7278.0
705,714,205.861691116014,141249.0,7248.0
706,715,197.24683492519,127907.0,7265.0
707,716,170.574619883109,116743.0,7254.0
708,717,155.12095854062,124854.0,7235.0
709,718,189.221658703682,132893.0,7249.0
710,719,228.78765892519,147492.0,7269.0
711,720,191.651705937463,138440.0,7252.0
712,721,224.107144172414,138729.0,7247.0
713,722,216.214063375804,130431.0,7229.0
714,723,231.983774798363,108987.0,7236.0
715,724,228.563602995324,145759.0,7321.0
716,725,225.714163052016,130068.0,7320.0
717,726,204.267246499123,130009.0,7361.0
718,727,202.456667746347,119762.0,7381.0
719,728,202.88998441204,120388.0,7379.0
720,729,191.488124044418,122826.0,7414.0
721,730,205.994907945646,104002.0,7398.0
722,731,196.771915156049,120731.0,7503.0
723,732,200.760819609001,147248.0,7467.0
724,733,225.735534699591,124859.0,7504.0
725,734,217.584664142607,126128.0,7474.0
726,735,224.028898297195,132391.0,7446.0
727,736,221.471094210403,135064.0,7458.0
728,737,248.939666132671,134502.0,7419.0
729,738,266.031145936879,135792.0,7556.0
730,739,269.646053845704,152806.0,7590.0
731,740,294.522035516072,169229.0,7608.0
732,741,296.828835021625,160410.0,7472.0
733,742,301.437411189947,169210.0,7548.0
734,743,309.864902527177,170497.0,7514.0
735,744,309.254121247516,167082.0,7522.0
736,745,297.04311033986,166131.0,7542.0
737,746,299.899655571596,209225.0,7530.0
738,747,286.238491115137,213108.0,7543.0
739,748,300.581495599649,188623.0,7627.0
740,749,301.525778841613,196255.0,7615.0
741,750,292.570930255406,206639.0,7618.0
742,751,294.006381612507,192634.0,7638.0
743,752,297.946730439509,171234.0,7637.0
744,753,320.268020935126,192142.0,7721.0
745,754,314.667140353594,180890.0,7700.0
746,755,317.911476100818,200456.0,7723.0
747,756,324.404678510228,168031.0,7714.0
748,757,330.229825942724,175112.0,7665.0
749,758,332.432620397428,144211.0,7671.0
750,759,345.159394547049,151002.0,7701.0
751,760,347.312148939801,176815.0,7764.0
752,761,373.270473714202,188218.0,7772.0
753,762,385.096362653419,199429.0,7863.0
754,763,388.628983109293,201738.0,7881.0
755,764,391.600977030976,194535.0,7878.0
756,765,349.100817241379,170203.0,7854.0
757,766,352.873988895383,155252.0,7884.0
758,767,313.259609643483,217222.0,7908.0
759,768,321.673799707773,209290.0,7898.0
760,769,338.424651081239,219517.0,7882.0
761,770,336.414099064874,203211.0,7769.0
762,771,310.01521244886,212715.0,7834.0
763,772,305.233473699591,187363.0,7819.0
764,773,301.328705435418,168148.0,7819.0
765,774,298.009521917008,192744.0,7814.0
766,775,293.927871127995,206092.0,7733.0
767,776,276.957384570427,184759.0,7785.0
768,777,225.336907948568,201842.0,7770.0
769,778,258.900247808299,211723.0,7798.0
770,779,255.184495616599,172971.0,7774.0
771,780,259.595284921099,151929.0,7732.0
772,781,296.59002980713,191107.0,7715.0
773,782,284.68624050263,174538.0,7665.0
774,783,284.783950029223,182509.0,7767.0
775,784,258.71685534775,174750.0,7750.0
776,785,263.592519286967,131621.0,7774.0
777,786,285.098802746932,131179.0,7768.0
778,787,284.710706604325,132444.0,7779.0
779,788,294.606179135009,147862.0,7780.0
780,789,288.873323495032,159185.0,7754.0
781,790,310.386890707189,161803.0,7770.0
782,791,302.473999707773,166745.0,7775.0
783,792,291.483834891876,166723.0,7786.0
784,793,301.653574810053,150248.0,7760.0
785,794,302.921215371128,133565.0,7774.0
786,795,296.383131209819,153749.0,7824.0
787,796,291.627101987142,156587.0,7831.0
788,797,292.153131209819,144259.0,7884.0
789,798,295.104265926359,139560.0,7877.0
790,799,307.36563383986,141273.0,7892.0
791,800,311.539527761543,134989.0,7886.0
792,801,308.811207773232,141322.0,7871.0
793,802,296.16992226768,153436.0,7887.0
794,803,297.805755406195,159757.0,7896.0
795,804,302.037225599065,164924.0,7884.0
796,805,302.722357977791,163736.0,7897.0
797,806,336.118935417884,176192.0,7859.0
798,807,339.239905902981,153996.0,7849.0
799,808,335.292906779661,154242.0,7787.0
800,809,334.387035067212,166773.0,7782.0
801,810,315.673910286382,207471.0,7792.0
802,811,313.292919637639,179137.0,7890.0
803,812,308.361189362946,183418.0,7914.0
804,813,304.104843950906,198225.0,7939.0
805,814,299.96448918761,173297.0,7934.0
806,815,294.862483343074,207996.0,7925.0
807,816,285.272274400935,197761.0,7909.0
808,817,297.201345119813,214936.0,7867.0
809,818,297.963974576271,192161.0,7862.0
810,819,296.136726183518,197162.0,7881.0
811,820,297.075979836353,178047.0,7845.0
812,821,295.060524254822,154861.0,7846.0
813,822,304.336856808884,161233.0,7884.0
814,823,306.156846873174,178292.0,7866.0
815,824,304.758790181181,214027.0,7849.0
816,825,290.520131209819,232914.0,7852.0
817,826,284.507127410871,250046.0,7855.0
818,827,305.85942402104,211882.0,7831.0
819,828,300.036860023378,174924.0,7832.0
820,829,296.308627410871,168183.0,7848.0
821,830,297.987309468147,195513.0,7818.0
822,831,292.059068381064,187168.0,7874.0
823,832,309.827165692577,215842.0,7815.0
824,833,319.44557685564,243554.0,7944.0
825,834,299.664234365868,233966.0,7946.0
826,835,316.147826125073,194696.0,7917.0
827,836,307.17681823495,213315.0,7909.0
828,837,315.537040327294,214384.0,7848.0
829,838,334.214478959673,226170.0,7862.0
830,839,330.784093804793,258219.0,7985.0
831,840,329.662060490941,242563.0,7995.0
832,841,332.276588836937,255402.0,8010.0
833,842,347.42983635301,206670.0,8007.0
834,843,355.932445353594,207546.0,8010.0
835,844,369.559533606078,234513.0,8030.0
836,845,361.197126534191,237062.0,8049.0
837,846,380.819107247224,242021.0,8077.0
838,847,414.980221215664,250344.0,8070.0
839,848,473.450565458796,242143.0,8068.0
840,849,466.802904734074,236910.0,8069.0
841,850,472.277975452952,252960.0,8061.0
842,851,477.648246639392,277958.0,8098.0
843,852,467.924269725307,309063.0,8089.0
844,853,429.046690531853,315598.0,8126.0
845,854,438.558600233781,299340.0,8011.0
846,855,461.586232320281,290214.0,8026.0
847,856,459.85709585038,284287.0,8150.0
848,857,464.386072764465,304550.0,8161.0
849,858,466.900428404442,289747.0,8047.0
850,859,458.076665400351,303039.0,8054.0
851,860,434.233698714202,394106.0,8051.0
852,861,431.749817066043,330894.0,8054.0
853,862,462.933985680888,361582.0,8053.0
854,863,483.060178842782,330732.0,8071.0
855,864,444.877736995909,335622.0,8095.0
856,865,506.33839333723,394749.0,8107.0
857,866,683.905956165985,422384.0,8057.0
858,867,701.59801899474,458001.0,8028.0
859,868,698.089197545295,489334.0,7989.0
860,869,689.464290181181,452357.0,8017.0
861,870,697.827856516657,426989.0,8007.0
862,871,729.331224722384,446682.0,8020.0
863,872,787.728504091175,518226.0,8017.0
864,873,823.847225599065,524427.0,8017.0
865,874,797.287250730567,518097.0,8020.0
866,875,793.748969023963,558243.0,8018.0
867,876,682.334545879603,597846.0,8029.0
868,877,725.150860023378,490621.0,8044.0
869,878,688.890793687902,415698.0,8036.0
870,879,737.894633255406,423259.0,8045.0
871,880,750.003065166569,465903.0,8045.0
872,881,740.721733489188,473086.0,8070.0
873,882,716.352512273524,493568.0,8081.0
874,883,747.100341320865,580463.0,8104.0
875,884,713.782832554062,611071.0,8101.0
876,885,742.255464932788,492424.0,8116.0
877,886,756.071765634132,520683.0,8122.0
878,887,863.918307714787,619409.0,8121.0
879,888,943.648126241964,648959.0,8150.0
880,889,952.354543541789,716438.0,8156.0
881,890,958.55284628872,703108.0,8174.0
882,891,1006.15747457627,669883.0,8234.0
883,892,1102.88953652835,614040.0,8256.0
884,893,1134.69905990649,661636.0,8263.0
885,894,1288.40687521917,715228.0,8273.0
886,895,1231.76729456458,671853.0,8272.0
887,896,1128.56387580362,668789.0,8257.0
888,897,1257.23113442431,617412.0,8253.0
889,898,1380.14454091175,654142.0,8252.0
890,899,1361.91507568673,614264.0,8261.0
891,900,1281.72139830508,714821.0,8305.0
892,901,1061.18708854471,735111.0,8309.0
893,902,1012.62289070719,718205.0,8279.0
894,903,1018.76687463472,681654.0,8294.0
895,904,1029.93438457043,543995.0,8333.0
896,905,1151.94553243717,470143.0,8356.0
897,906,1039.42323290473,612388.0,8332.0
898,907,992.037435710111,547707.0,8365.0
899,908,985.212768264173,527571.0,8379.0
900,909,1047.12019959088,510896.0,8387.0
901,910,1043.62177206312,410985.0,8411.0
902,911,1040.46817066043,480908.0,8427.0
903,912,1092.768235827,424637.0,8456.0
904,913,1214.83129924021,448123.0,8480.0
905,914,1162.00829953244,479352.0,8501.0
906,915,1051.93348831093,466227.0,8501.0
907,916,1096.25005698422,461713.0,8538.0
908,917,1019.17100789012,501671.0,8531.0
909,918,912.820928696668,499746.0,8498.0
910,919,960.893826125073,433090.0,8498.0
911,920,836.672457334892,425727.0,8513.0
912,921,692.76282729398,457677.0,8480.0
913,922,789.043020748101,452196.0,8464.0
914,923,754.536574810053,418269.0,8495.0
915,924,808.450633547633,353159.0,8506.0
916,925,873.56737434249,399711.0,8526.0
917,926,850.714849503214,420048.0,8537.0
918,927,814.783270894214,382341.0,8506.0
919,928,867.572440385739,421764.0,8538.0
920,929,840.090783752192,365156.0,8546.0
921,930,920.463681472823,387178.0,8549.0
922,931,929.869215663355,400782.0,8542.0
923,932,939.339457334892,346010.0,8538.0
924,933,975.231806253653,349625.0,8539.0
925,934,915.310905610754,343310.0,8565.0
926,935,937.840183226184,392016.0,8560.0
927,936,885.553141145529,392070.0,8571.0
928,937,840.667042957335,363398.0,8569.0
929,938,807.076898889538,343322.0,8614.0
930,939,855.767194038574,329223.0,8619.0
931,940,834.00284628872,293520.0,8611.0
932,941,842.311720046756,294581.0,8626.0
933,942,865.863039158387,368611.0,8634.0
934,943,875.052981881941,355055.0,8640.0
935,944,851.323646405611,373014.0,8669.0
936,945,869.302266803039,342494.0,8678.0
937,946,855.352857685564,355811.0,8698.0
938,947,854.387569549971,309915.0,8713.0
939,948,861.13072238457,287392.0,8718.0
940,949,851.608753068381,358287.0,8714.0
941,950,812.346192869667,364952.0,8691.0
942,951,751.754232028054,467576.0,8675.0
943,952,699.337428988895,347207.0,8657.0
944,953,725.310906779661,335308.0,8664.0
945,954,684.880582115722,318074.0,8675.0
946,955,718.054689655172,288838.0,8681.0
947,956,696.739231151374,322689.0,8672.0
948,957,689.902102571596,333398.0,8665.0
949,958,612.332631502046,359709.0,8659.0
950,959,611.166275862069,339262.0,8663.0
951,960,604.484301870251,313390.0,8654.0
952,961,550.865004091175,279550.0,8648.0
953,962,538.26132817066,318550.0,8618.0
954,963,550.138212741087,356019.0,8624.0
955,964,555.636667153711,329322.0,8634.0
956,965,557.397838983051,352609.0,8625.0
957,966,539.114045295149,345780.0,8633.0
958,967,537.592859731151,401205.0,8642.0
959,968,525.082402980713,354616.0,8657.0
960,969,522.222801870251,266883.0,8666.0
961,970,489.817600526008,318207.0,8656.0
962,971,450.549594389246,292427.0,8633.0
963,972,445.458083576856,272121.0,8620.0
964,973,385.35647019287,293419.0,8589.0
965,974,392.467127703098,316912.0,8587.0
966,975,394.512378141438,273912.0,8582.0
967,976,378.066090298071,273312.0,8593.0
968,977,383.397693746347,306197.0,8592.0
969,978,415.214929865576,327729.0,8592.0
970,979,378.529877264757,330922.0,8603.0
971,980,382.700794272355,372734.0,8610.0
972,981,369.936752776154,350661.0,8593.0
973,982,384.50724956166,293326.0,8594.0
974,983,399.415550847458,309376.0,8582.0
975,984,396.165397136178,319374.0,8568.0
976,985,413.452699298656,339055.0,8560.0
977,986,429.797426651081,371762.0,8579.0
978,987,493.565206604325,353014.0,8592.0
979,988,496.317744301578,374208.0,8583.0
980,989,503.221350964348,301862.0,8592.0
981,990,531.263950029223,302284.0,8582.0
982,991,510.983758328463,334786.0,8559.0
983,992,502.126641437756,339274.0,8571.0
984,993,524.994593804793,339669.0,8568.0
985,994,566.582526300409,360686.0,8580.0
986,995,616.317340736412,369410.0,8590.0
987,996,605.396331092928,411088.0,8580.0
988,997,621.139101402688,414637.0,8591.0
989,998,642.581729398013,428031.0,8587.0
990,999,705.007020455874,417221.0,8608.0
991,1000,614.546471654004,365985.0,8624.0
992,1001,661.796761835184,358539.0,8579.0
993,1002,648.91000087668,346176.0,8624.0
994,1003,682.535550555231,341856.0,8624.0
995,1004,688.306110169492,318879.0,8629.0
996,1005,667.063407656341,361168.0,8628.0
997,1006,671.531682349503,328660.0,8607.0
998,1007,686.611843366452,363346.0,8616.0
999,1008,778.377544126242,394992.0,8626.0
1000,1009,783.391213617767,644295.0,8622.0
1001,1010,811.356392168323,396427.0,8621.0
1002,1011,784.875179719462,389642.0,8637.0
1003,1012,747.835312098188,419460.0,8644.0
1004,1013,751.6712314436,410500.0,8650.0
1005,1014,748.334789596727,390605.0,8660.0
1006,1015,725.943168907072,390235.0,8679.0
1007,1016,679.532485680888,392464.0,8706.0
1008,1017,685.777640268849,383918.0,8693.0
1009,1018,731.426734365868,359287.0,8700.0
1010,1019,726.421808883694,398274.0,8707.0
1011,1020,706.471170660433,400914.0,8700.0
1012,1021,705.390606954997,414046.0,8713.0
1013,1022,668.044736995909,412529.0,8733.0
1014,1023,693.651683810637,419826.0,8743.0
1015,1024,693.809580654588,424160.0,8731.0
1016,1025,713.591691408533,389190.0,8738.0
1017,1026,697.845526008182,397743.0,8738.0
1018,1027,643.667876680304,422824.0,8749.0
1019,1028,578.229988603156,410012.0,8748.0
1020,1029,600.610572764465,418876.0,8765.0
1021,1030,578.594272939801,394287.0,8778.0
1022,1031,584.287411455289,375954.0,8787.0
1023,1032,570.388842781999,403522.0,8795.0
1024,1033,513.597075102279,445032.0,8788.0
1025,1034,563.903260958504,409323.0,8804.0
1026,1035,556.762384570427,413796.0,8808.0
1027,1036,575.469864699006,416236.0,8808.0
1028,1037,578.827563997662,371923.0,8807.0
1029,1038,591.811959088253,404528.0,8805.0
1030,1039,618.232842781999,415409.0,8803.0
1031,1040,589.882670660433,397194.0,8802.0
1032,1041,607.180310344827,380350.0,8814.0
1033,1042,605.429444769141,374278.0,8811.0
1034,1043,602.159334015196,403581.0,8793.0
1035,1044,600.128180596143,364344.0,8784.0
1036,1045,595.953623319696,388714.0,8788.0
1037,1046,521.276917299825,406267.0,8754.0
1038,1047,529.37152893045,403546.0,8219.0
1039,1048,489.836085330216,355775.0,8182.0
1040,1049,474.450975160725,385073.0,8137.0
1041,1050,517.722229105786,372165.0,8140.0
1042,1051,486.499246347165,385201.0,8108.0
1043,1052,497.322004675628,310364.0,8072.0
1044,1053,495.830741087084,321511.0,8068.0
1045,1054,516.850604032729,344436.0,8045.0
1046,1055,537.07477936879,375907.0,8049.0
1047,1056,535.268937755699,388423.0,8058.0
1048,1057,525.611178258329,384776.0,8053.0
1049,1058,462.967082700175,383910.0,8054.0
1050,1059,475.24524050263,340250.0,8059.0
1051,1060,454.388768264173,359869.0,8027.0
1052,1061,459.194290181181,492435.0,8032.0
1053,1062,432.493081531268,372838.0,8028.0
1054,1063,441.675166861485,382764.0,8030.0
1055,1064,419.791454120397,393195.0,8024.0
1056,1065,436.736421098773,379509.0,8016.0
1057,1066,451.723416715371,261580.0,8006.0
1058,1067,451.798441554646,197829.0,8000.0
1059,1068,475.989448568089,235721.0,8005.0
1060,1069,461.751690239626,232199.0,8021.0
1061,1070,465.729150204559,230552.0,8024.0
1062,1071,467.058666277031,253141.0,8040.0
1063,1072,468.512964640561,219912.0,8052.0
1064,1073,480.533474868498,217148.0,8036.0
1065,1074,486.132053769725,272797.0,8029.0
1066,1075,471.721562536528,290889.0,8010.0
1067,1076,433.128439216832,294141.0,8011.0
1068,1077,446.347075394506,271336.0,8006.0
1069,1078,423.881741963764,257081.0,7988.0
1070,1079,431.35368264173,239602.0,7982.0
1071,1080,433.919185856225,229822.0,7995.0
1072,1081,448.72806779661,231420.0,7994.0
1073,1082,477.365285797779,341295.0,7994.0
1074,1083,499.438759789597,357364.0,7979.0
1075,1084,479.001641145529,409849.0,7951.0
1076,1085,468.405446814728,379165.0,7956.0
1077,1086,447.55797194623,356950.0,7950.0
1078,1087,461.986799532437,319591.0,7960.0
1079,1088,457.135277907656,338502.0,7958.0
1080,1089,448.955673290473,398296.0,7967.0
1081,1090,478.036987726476,423877.0,7973.0
1082,1091,472.696508474576,431947.0,7948.0
1083,1092,463.433338690824,388974.0,7951.0
1084,1093,469.311792811221,416595.0,7953.0
1085,1094,467.32178842782,382761.0,7974.0
1086,1095,466.918763588545,359339.0,7961.0
1087,1096,455.8956735827,376103.0,7941.0
1088,1097,431.798523670368,374451.0,7947.0
1089,1098,419.019926651081,374393.0,7955.0
1090,1099,410.974208357686,369948.0,7941.0
1091,1100,417.253495616598,394710.0,7927.0
1092,1101,406.419219462303,340854.0,7922.0
1093,1102,408.949922852133,320195.0,7925.0
1094,1103,405.378087375804,348727.0,7925.0
1095,1104,378.559632086499,323836.0,7931.0
1096,1105,354.369194330801,291558.0,7911.0
1097,1106,365.001145821157,284548.0,7911.0
1098,1107,330.642003798948,325203.0,7888.0
1099,1108,322.902082700175,336510.0,7882.0
1100,1109,317.954640561075,332668.0,7871.0
1101,1110,284.391617767387,352269.0,7853.0
1102,1111,276.242141729982,334805.0,7806.0
1103,1112,281.149638515488,328753.0,7781.0
1104,1113,285.766308007013,354449.0,7758.0
1105,1114,314.950714786674,312809.0,7769.0
1106,1115,295.433896551724,305324.0,7768.0
1107,1116,300.065017241379,304996.0,7765.0
1108,1117,271.61710578609,336770.0,7777.0
1109,1118,280.940823787259,300645.0,7771.0
1110,1119,270.081112799532,306983.0,7785.0
1111,1120,275.208127703098,300126.0,7788.0
1112,1121,281.684925482174,316189.0,7793.0
1113,1122,278.42391320865,304696.0,7789.0
1114,1123,273.289948860316,320400.0,7792.0
1115,1124,284.203754821742,329885.0,7761.0
1116,1125,296.625988895383,320916.0,7750.0
1117,1126,288.599854763296,267879.0,7739.0
1118,1127,283.884303331385,287916.0,7727.0
1119,1128,282.215765341905,290044.0,7738.0
1120,1129,294.940272063121,322434.0,7736.0
1121,1130,293.788012565751,333290.0,7742.0
1122,1131,288.642138223261,340844.0,7720.0
1123,1132,285.306009643483,316527.0,7711.0
1124,1133,234.201679135009,321744.0,7742.0
1125,1134,229.094761250731,303884.0,7708.0
1126,1135,215.279640853302,305417.0,7670.0
1127,1136,196.648755990649,281740.0,7645.0
1128,1137,195.588831677382,284904.0,7625.0
1129,1138,196.122111922852,282579.0,7565.0
1130,1139,184.303709818819,261353.0,7537.0
1131,1140,182.668748392753,261275.0,7472.0
1132,1141,212.601965517241,276678.0,7447.0
1133,1142,211.697804208065,258740.0,7431.0
1134,1143,222.813010520164,244687.0,7430.0
1135,1144,220.022490356517,228206.0,7435.0
1136,1145,196.811666861485,291307.0,7433.0
1137,1146,209.519992986558,258463.0,7420.0
1138,1147,209.085130625365,235612.0,7433.0
1139,1148,223.652088544711,261726.0,7421.0
1140,1149,246.733348918761,254561.0,7416.0
1141,1150,240.176264465225,231040.0,7375.0
1142,1151,244.650700467563,228519.0,7375.0
1143,1152,227.800091466978,226513.0,7382.0
1144,1153,217.622940093513,238299.0,7392.0
1145,1154,215.031261835184,221050.0,7396.0
1146,1155,228.436735242548,242499.0,7407.0
1147,1156,221.042023962595,249548.0,7416.0
1148,1157,231.326054646406,222349.0,7424.0
1149,1158,232.215880479252,242254.0,7404.0
1150,1159,229.918147282291,235188.0,7427.0
1151,1160,225.34053798948,237819.0,7436.0
1152,1161,218.985656049094,288662.0,7446.0
1153,1162,220.934906487434,294709.0,7431.0
1154,1163,226.533247516073,315425.0,7457.0
1155,1164,223.670021040327,326444.0,7454.0
1156,1165,224.381154003507,266999.0,7462.0
1157,1166,227.629361484512,281024.0,7458.0
1158,1167,226.366257451783,278759.0,7479.0
1159,1168,223.637414962011,259112.0,7478.0
1160,1169,190.503173290473,276591.0,7447.0
1161,1170,194.233684102864,277706.0,7446.0
1162,1171,196.640900350672,281709.0,7449.0
1163,1172,192.082561659848,286828.0,7446.0
1164,1173,204.845595265926,298338.0,7453.0
1165,1174,205.678965517241,304839.0,7443.0
1166,1175,203.589184395091,308025.0,7452.0
1167,1176,199.104167738165,316673.0,7459.0
1168,1177,200.18542226768,287643.0,7458.0
1169,1178,202.620590298071,344066.0,7433.0
1170,1179,202.197792518995,308778.0,7439.0
1171,1180,200.986967855056,333040.0,7426.0
1172,1181,201.106208649912,313343.0,7427.0
1173,1182,200.548608123904,323381.0,7431.0
1174,1183,199.862744593805,314814.0,7399.0
1175,1184,200.622661601403,318269.0,7407.0
1176,1185,201.418418468732,308409.0,7416.0
1177,1186,202.451103156049,333518.0,7415.0
1178,1187,194.321351256575,333546.0,7415.0
1179,1188,195.65895295149,359738.0,7412.0
1180,1189,196.897931911163,352140.0,7405.0
1181,1190,197.8192106955,317485.0,7417.0
1182,1191,199.850372589129,267634.0,7398.0
1183,1192,198.354677381648,278264.0,7396.0
1184,1193,209.989572764465,299497.0,7398.0
1185,1194,208.075581531268,291779.0,7399.0
1186,1195,218.089755698422,278348.0,7396.0
1187,1196,216.783056399766,270280.0,7384.0
1188,1197,210.643103448276,288705.0,7400.0
1189,1198,208.102855932203,316813.0,7396.0
1190,1199,210.56486528346,329225.0,7387.0
1191,1200,209.064253652835,355871.0,7386.0
1192,1201,208.28941233197,327353.0,7358.0
1193,1202,203.619797194623,336439.0,7368.0
1194,1203,176.673708649912,336750.0,7380.0
1195,1204,177.585899766219,367079.0,7343.0
1196,1205,172.027222969024,330177.0,7348.0
1197,1206,172.325834307423,336902.0,7340.0
1198,1207,174.887517533606,311575.0,7328.0
1199,1208,146.837374634717,362855.0,7301.0
1200,1209,126.699694038574,325428.0,7275.0
1201,1210,134.894838690824,305267.0,7262.0
1202,1211,124.98310666277,304552.0,7232.0
1203,1212,121.464526884863,296227.0,7225.0
1204,1213,111.207919345412,285249.0,7227.0
1205,1214,114.328124196376,306399.0,7209.0
1206,1215,105.976193161894,324681.0,7172.0
1207,1216,108.939132963179,325795.0,7179.0
1208,1217,120.843035651666,321224.0,7191.0
1209,1218,116.45006779661,263790.0,7179.0
1210,1219,111.631448568089,278002.0,7196.0
1211,1220,116.974022793688,310612.0,7218.0
1212,1221,114.873848918761,276777.0,7205.0
1213,1222,107.436093804792,269535.0,7196.0
1214,1223,108.393074225599,258028.0,7196.0
1215,1224,101.132688778492,279019.0,7181.0
1216,1225,90.8128144360023,283624.0,7150.0
1217,1226,92.1289161309176,313613.0,7122.0
1218,1227,90.5991420222092,333138.0,7102.0
1219,1228,92.9939959088252,289050.0,7108.0
1220,1229,89.3385888369375,290286.0,7113.0
1221,1230,87.1420371127995,282399.0,7097.0
1222,1231,88.8542311513735,314610.0,7109.0
1223,1232,85.0300748100526,303851.0,7119.0
1224,1233,83.0865353594389,297473.0,7121.0
1225,1234,82.8301902396259,378120.0,7123.0
1226,1235,83.7853918760959,372962.0,7127.0
1227,1236,93.8437010520164,303060.0,7114.0
1228,1237,100.277705143191,277282.0,7117.0
1229,1238,99.9495049678551,322980.0,7124.0
1230,1239,114.083974868498,340424.0,7095.0
1231,1240,107.811862068966,320212.0,7074.0
1232,1241,115.230315897136,325282.0,7079.0
1233,1242,129.693795441262,357263.0,7079.0
1234,1243,140.372449444769,346049.0,7058.0
1235,1244,127.919814436002,252176.0,7059.0
1236,1245,130.30945119813,288376.0,7069.0
1237,1246,114.117396551724,297630.0,7029.0
1238,1247,135.222091759205,314344.0,7011.0
1239,1248,140.09879836353,314501.0,6985.0
1240,1249,138.401716247808,247598.0,7000.0
1241,1250,130.790460549386,286665.0,6986.0
1242,1251,139.154644360023,227755.0,6981.0
1243,1252,154.426368790181,266633.0,6978.0
1244,1253,147.06208679135,298379.0,6986.0
1245,1254,153.442376972531,264923.0,6993.0
1246,1255,154.301756867329,257064.0,6972.0
1247,1256,155.940283167738,266956.0,6971.0
1248,1257,150.346131794272,288553.0,6969.0
1249,1258,149.052762711864,277503.0,6963.0
1250,1259,149.62985622443,279728.0,6964.0
1251,1260,126.929803915839,276872.0,6959.0
1252,1261,124.970574225599,309317.0,6955.0
1253,1262,124.329310637054,267659.0,6957.0
1254,1263,115.339895382817,260303.0,6968.0
1255,1264,128.323583869082,296695.0,6976.0
1256,1265,120.32987609585,277216.0,6990.0
1257,1266,122.420913793103,259885.0,6981.0
1258,1267,122.647751607247,249911.0,6982.0
1259,1268,119.485191408533,250566.0,6973.0
1260,1269,123.487991233197,235309.0,6976.0
1261,1270,117.515231735827,234174.0,6985.0
1262,1271,115.918843074226,242165.0,6985.0
1263,1272,117.97571975453,221052.0,6992.0
1264,1273,116.313436586791,241743.0,6988.0
1265,1274,116.326357977791,232516.0,6984.0
1266,1275,114.967366452367,242692.0,6981.0
1267,1276,115.040040035067,281294.0,6976.0
1268,1277,111.82207685564,253559.0,6975.0
1269,1278,105.667155756867,275560.0,6973.0
1270,1279,104.227875803624,247558.0,6994.0
1271,1280,107.66988603156,244601.0,7000.0
1272,1281,105.739236119229,226825.0,6979.0
1273,1282,106.634947691409,233701.0,6975.0
1274,1283,108.571131794272,230615.0,6973.0
1275,1284,106.021722676797,217389.0,6973.0
1276,1285,106.026675628288,208209.0,6988.0
1277,1286,106.135586499123,214341.0,6989.0
1278,1287,103.394712156634,210354.0,6986.0
1279,1288,103.299053769725,196941.0,6983.0
1280,1289,117.501485096435,210686.0,6964.0
1281,1290,118.103963471654,193871.0,6963.0
1282,1291,123.577868205728,171484.0,6966.0
1283,1292,119.726615429573,195256.0,6952.0
1284,1293,120.828701928697,207073.0,6961.0
1285,1294,120.690225891292,206023.0,6970.0
1286,1295,119.68091320865,207805.0,6974.0
1287,1296,120.360025423729,208673.0,6979.0
1288,1297,121.804881063705,215553.0,6977.0
1289,1298,132.80649006429,203761.0,6975.0
1290,1299,144.415395967271,248067.0,6941.0
1291,1300,143.137295733489,235079.0,6930.0
1292,1301,147.192143483343,218723.0,6940.0
1293,1302,143.601283459965,210293.0,6934.0
1294,1303,147.063304208065,217612.0,6933.0
1295,1304,157.5305,211612.0,6935.0
1296,1305,135.383128872005,217755.0,6939.0
1297,1306,137.924874926943,231575.0,6929.0
1298,1307,135.725916130918,239116.0,6912.0
1299,1308,133.996758912916,235484.0,6907.0
1300,1309,134.754724137931,233394.0,6898.0
1301,1310,134.864564582116,268402.0,6897.0
1302,1311,132.19729748685,279249.0,6891.0
1303,1312,129.645783752192,291044.0,6897.0
1304,1313,125.120439509059,272293.0,6887.0
1305,1314,135.707658971362,270746.0,6881.0
1306,1315,137.182303915839,266235.0,6891.0
1307,1316,136.142440677966,279134.0,6909.0
1308,1317,132.441421098773,272589.0,6915.0
1309,1318,136.296960841613,284250.0,6894.0
1310,1319,135.225663062537,248152.0,6892.0
1311,1320,132.080107539451,262743.0,6865.0
1312,1321,132.696165108124,298223.0,6872.0
1313,1322,131.13371244886,272122.0,6865.0
1314,1323,131.309282583285,280348.0,6867.0
1315,1324,135.602942723553,258613.0,6879.0
1316,1325,140.628877556984,268643.0,6872.0
1317,1326,138.143052308591,282235.0,6871.0
1318,1327,137.063216247808,263811.0,6877.0
1319,1328,137.928077147867,265142.0,6885.0
1320,1329,138.685892460549,261950.0,6898.0
1321,1330,134.586574225599,237078.0,6886.0
1322,1331,135.893367913501,247350.0,6872.0
1323,1332,136.475040619521,241066.0,6870.0
1324,1333,135.419440385739,260748.0,6876.0
1325,1334,133.093157802455,294083.0,6876.0
1326,1335,133.164339859731,275745.0,6868.0
1327,1336,139.21530742256,262880.0,6862.0
1328,1337,137.336611922852,277318.0,6885.0
1329,1338,142.368977498539,257930.0,6884.0
1330,1339,142.107745178258,249624.0,6891.0
1331,1340,141.27678515488,241677.0,6891.0
1332,1341,141.295688778492,296278.0,6879.0
1333,1342,165.466880479252,336880.0,6882.0
1334,1343,160.239572764465,320514.0,6864.0
1335,1344,157.865736879018,283098.0,6852.0
1336,1345,165.938985388662,290567.0,6841.0
1337,1346,165.408794856809,281955.0,6841.0
1338,1347,174.463659555815,287126.0,6843.0
1339,1348,180.779501168907,299606.0,6832.0
1340,1349,175.957886616014,296515.0,6826.0
1341,1350,177.474878959673,300565.0,6832.0
1342,1351,165.550361192285,314322.0,6841.0
1343,1352,164.89181735827,320739.0,6842.0
1344,1353,164.128659263589,290028.0,6851.0
1345,1354,168.013099064874,245862.0,6853.0
1346,1355,160.557473115137,294905.0,6855.0
1347,1356,166.662340151958,283757.0,6858.0
1348,1357,166.364139684395,308498.0,6860.0
1349,1358,173.54595207481,325334.0,6848.0
1350,1359,173.652783459965,336310.0,6848.0
1351,1360,173.215369374635,369030.0,6866.0
1352,1361,169.945601110462,307683.0,6863.0
1353,1362,171.565414669784,335022.0,6865.0
1354,1363,170.937409643483,356264.0,6860.0
1355,1364,165.142114202221,344470.0,6857.0
1356,1365,152.045494447691,299191.0,6871.0
1357,1366,152.960927527762,307928.0,6893.0
1358,1367,155.726733489188,258512.0,6907.0
1359,1368,153.2518471654,256712.0,6902.0
1360,1369,152.545208766803,274907.0,6920.0
1361,1370,159.938501461134,292816.0,6913.0
1362,1371,158.222859731151,291650.0,6931.0
1363,1372,159.191619520748,266188.0,6935.0
1364,1373,164.69545207481,275199.0,6937.0
1365,1374,162.037265751023,256938.0,6956.0
1366,1375,161.485596434833,261416.0,6947.0
1367,1376,172.068616014027,282859.0,6942.0
1368,1377,170.05011484512,277792.0,6950.0
1369,1378,169.558764172998,277410.0,6954.0
1370,1379,170.250314728229,281070.0,6956.0
1371,1380,172.221821975453,310015.0,6957.0
1372,1381,199.606514552893,320467.0,6945.0
1373,1382,187.184103740503,286729.0,6938.0
1374,1383,195.825203097604,320643.0,6925.0
1375,1384,218.214805669199,355627.0,6946.0
1376,1385,249.061431034483,369579.0,6960.0
1377,1386,263.38047019287,399571.0,6951.0
1378,1387,242.263793687902,357861.0,6892.0
1379,1388,234.841279661017,318252.0,6894.0
1380,1389,261.974045295149,330704.0,6887.0
1381,1390,252.417419637639,331537.0,6887.0
1382,1391,256.818162185856,370207.0,6909.0
1383,1392,244.550514319112,331007.0,6913.0
1384,1393,245.840384862654,339775.0,6909.0
1385,1394,248.839252016365,350611.0,6905.0
1386,1395,251.888460958504,323361.0,6901.0
1387,1396,268.294339567504,319134.0,6900.0
1388,1397,272.616331092928,361711.0,6894.0
1389,1398,271.223498538866,350001.0,6901.0
1390,1399,269.327810929281,346909.0,6904.0
1391,1400,254.294201753361,352640.0,6908.0
1392,1401,266.573922559906,399069.0,6912.0
1393,1402,265.140144360023,508448.0,6906.0
1394,1403,269.967041496201,435046.0,6895.0
1395,1404,251.05775862069,393251.0,6905.0
1396,1405,239.457040911748,361274.0,6905.0
1397,1406,246.337600233782,324986.0,6897.0
1398,1407,247.488754237288,413745.0,6907.0
1399,1408,250.225909585038,311139.0,6900.0
1400,1409,244.62647019287,276543.0,6902.0
1401,1410,231.039578024547,355087.0,6919.0
1402,1411,246.746325248393,325166.0,6920.0
1403,1412,245.800910870836,381772.0,6926.0
1404,1413,259.656640093513,480717.0,6913.0
1405,1414,255.336300409117,360497.0,6913.0
1406,1415,264.76342314436,351579.0,6916.0
1407,1416,269.057187405026,330124.0,6926.0
1408,1417,269.848518702513,443504.0,6933.0
1409,1418,273.7140949737,338539.0,6950.0
1410,1419,263.702251899474,378719.0,6949.0
1411,1420,268.93683810637,331466.0,6918.0
1412,1421,272.137500292227,313165.0,6913.0
1413,1422,294.852892752776,390272.0,6905.0
1414,1423,308.009769725307,379012.0,6904.0
1415,1424,306.55350742256,339193.0,6895.0
1416,1425,309.798750263004,363545.0,6899.0
1417,1426,316.171920046756,350197.0,6907.0
1418,1427,334.035053477499,388619.0,6892.0
1419,1428,293.215036236119,357014.0,6884.0
1420,1429,309.446182933957,325663.0,6901.0
1421,1430,318.529788135593,310251.0,6910.0
1422,1431,291.660696317943,275123.0,6911.0
1423,1432,293.862392752776,309889.0,6927.0
1424,1433,290.571834307423,382288.0,6923.0
1425,1434,302.057210403273,370570.0,6909.0
1426,1435,283.489202805377,360399.0,6912.0
1427,1436,287.858582992402,319406.0,6911.0
1428,1437,287.274129982466,318241.0,6909.0
1429,1438,306.198590590298,309297.0,6911.0
1430,1439,313.326290473407,335258.0,6910.0
1431,1440,308.343054061952,351558.0,6907.0
1432,1441,288.731157802455,347412.0,6914.0
1433,1442,267.536604617183,313587.0,6925.0
1434,1443,275.872600233781,343689.0,6932.0
1435,1444,268.688629339568,287614.0,6932.0
1436,1445,230.335976329632,297781.0,6932.0
1437,1446,230.578357977791,360602.0,6936.0
1438,1447,199.001611046172,268611.0,6941.0
1439,1448,210.931314728229,312639.0,6923.0
1440,1449,227.241794272355,308987.0,6921.0
1441,1450,221.03139333723,296342.0,6907.0
1442,1451,230.67205371128,293720.0,6912.0
1443,1452,225.672067124489,284257.0,6913.0
1444,1453,217.013625365284,332359.0,6921.0
1445,1454,212.361456750438,295644.0,6922.0
1446,1455,216.848442548217,268921.0,6920.0
1447,1456,219.638668264173,271079.0,6910.0
1448,1457,219.365355873758,314692.0,6910.0
1449,1458,206.645765049679,279933.0,6918.0
1450,1459,210.927540561075,292897.0,6911.0
1451,1460,210.840748977206,304681.0,6924.0
1452,1461,210.029560841613,331809.0,6931.0
1453,1462,218.08824050263,294035.0,6947.0
1454,1463,217.353194915254,269308.0,6960.0
1455,1464,217.667191992987,299037.0,6965.0
1456,1465,221.83531648159,259678.0,6982.0
1457,1466,222.788521917008,301295.0,6991.0
1458,1467,232.299908825248,335179.0,6949.0
1459,1468,225.729268264173,346542.0,6938.0
1460,1469,226.042916773817,310904.0,6931.0
1461,1470,220.550041320865,306119.0,6908.0
1462,1471,209.817827878434,326034.0,6924.0
1463,1472,206.324379310345,315155.0,6912.0
1464,1473,215.789734658095,293410.0,6914.0
1465,1474,210.972497662186,349597.0,6927.0
1466,1475,208.597628345996,322202.0,6928.0
1467,1476,186.381814143776,321012.0,6918.0
1468,1477,188.016636469901,304059.0,6923.0
1469,1478,185.577936879018,325186.0,6935.0
1470,1479,185.547666510812,290153.0,6943.0
1471,1480,194.706162068966,283406.0,6939.0
1472,1481,202.767035067212,295257.0,6937.0
1473,1482,196.717822033898,304960.0,6931.0
1474,1483,186.497284628872,316421.0,6922.0
1475,1484,191.596093220339,305383.0,6921.0
1476,1485,194.624304792519,312715.0,6916.0
1477,1486,191.114351256575,297544.0,6917.0
1478,1487,186.324488895383,295058.0,6928.0
1479,1488,188.569805376973,309070.0,6937.0
1480,1489,186.883293103448,308164.0,6958.0
1481,1490,173.17579748685,303065.0,6971.0
1482,1491,168.735882349503,308537.0,6966.0
1483,1492,168.372436002338,288572.0,6952.0
1484,1493,172.177609877265,282011.0,6960.0
1485,1494,171.211480479252,275912.0,6955.0
1486,1495,178.580194623027,319698.0,6954.0
1487,1496,179.233673874927,303296.0,6947.0
1488,1497,174.729775277615,296005.0,6940.0
1489,1498,174.54153974284,326386.0,6952.0
1490,1499,169.23070338983,320381.0,6952.0
1491,1500,178.287494389246,284448.0,6956.0
1492,1501,181.604640268849,279927.0,6950.0
1493,1502,181.388241671537,316921.0,6948.0
1494,1503,179.595805669199,296904.0,6970.0
1495,1504,178.058855639977,295327.0,6980.0
1496,1505,180.84650818235,301354.0,6987.0
1497,1506,181.51325949737,270785.0,6973.0
1498,1507,188.595950496786,271533.0,6957.0
1499,1508,189.443608416131,277976.0,6953.0
1500,1509,197.430535651666,307380.0,6948.0
1501,1510,209.287582700175,297547.0,6933.0
1502,1511,210.7212235827,305563.0,6924.0
1503,1512,221.562201052016,295149.0,6921.0
1504,1513,217.195570134424,309840.0,6932.0
1505,1514,215.50002980713,242789.0,6949.0
1506,1515,211.051801870251,239625.0,6949.0
1507,1516,201.226725014611,251471.0,6950.0
1508,1517,168.43832817066,296761.0,6942.0
1509,1518,169.84662478083,278971.0,6930.0
1510,1519,166.334617884278,265068.0,6946.0
1511,1520,174.083654120397,268165.0,6942.0
1512,1521,173.798880362361,248610.0,6944.0
1513,1522,169.853334891876,231663.0,6942.0
1514,1523,179.508727936879,285523.0,6947.0
1515,1524,176.635159555815,339783.0,6954.0
1516,1525,180.731424605494,327680.0,6962.0
1517,1526,175.467113267095,288751.0,6963.0
1518,1527,176.204069316189,268748.0,6955.0
1519,1528,176.184813267095,272795.0,6960.0
1520,1529,169.854954237288,343035.0,6951.0
1521,1530,181.001570426651,284288.0,6971.0
1522,1531,180.668669783752,306302.0,6995.0
1523,1532,194.229131502046,318125.0,7002.0
1524,1533,191.574099707773,326182.0,7016.0
1525,1534,180.902172472238,315705.0,7005.0
1526,1535,180.319804997078,279716.0,7005.0
1527,1536,181.47459760374,250851.0,6998.0
1528,1537,186.520615137347,300285.0,7015.0
1529,1538,180.282949853887,302212.0,7010.0
1530,1539,174.995676329632,291507.0,7006.0
1531,1540,177.070229865576,285894.0,7008.0
1532,1541,173.130578725891,310446.0,7009.0
1533,1542,171.613132729398,276993.0,7014.0
1534,1543,175.187846580947,248121.0,7018.0
1535,1544,174.198366861485,271474.0,7017.0
1536,1545,171.261682057276,274766.0,7014.0
1537,1546,161.323558386908,275838.0,7016.0
1538,1547,161.024464640561,272369.0,7004.0
1539,1548,181.161944476914,290755.0,7005.0
1540,1549,179.720602337814,303660.0,6989.0
1541,1550,184.572484570427,256776.0,6982.0
1542,1551,182.81422063121,290065.0,6989.0
1543,1552,190.830495441262,283366.0,6990.0
1544,1553,183.277003798948,278695.0,6988.0
1545,1554,182.430567212157,288701.0,6985.0
1546,1555,183.362267679719,287405.0,6988.0
1547,1556,182.998768848627,243269.0,7006.0
1548,1557,181.907013734658,230486.0,7002.0
1549,1558,186.034432787843,262207.0,7011.0
1550,1559,189.217251373466,302907.0,7005.0
1551,1560,191.556660666277,289661.0,7001.0
1552,1561,186.770622443016,375764.0,7006.0
1553,1562,184.038223085915,275241.0,7007.0
1554,1563,184.962579777908,230831.0,7011.0
1555,1564,189.045104675628,257611.0,6995.0
1556,1565,184.418845295149,284231.0,7006.0
1557,1566,186.5779264173,285556.0,7004.0
1558,1567,188.033356107539,278616.0,6995.0
1559,1568,184.766463763881,271266.0,7003.0
1560,1569,179.989789070719,257911.0,6994.0
1561,1570,182.287117182934,233167.0,7007.0
1562,1571,183.829805961426,242722.0,7002.0
1563,1572,178.062372004676,269423.0,7023.0
1564,1573,175.435199883109,283555.0,7013.0
1565,1574,174.409720338983,269725.0,7017.0
1566,1575,160.728296902396,306522.0,7000.0
1567,1576,149.776162478083,341671.0,7001.0
1568,1577,152.327056282876,281447.0,6995.0
1569,1578,141.576619520748,247215.0,6983.0
1570,1579,146.562241846873,326634.0,6977.0
1571,1580,147.942878550555,264714.0,6975.0
1572,1581,153.24832226768,252198.0,6973.0
1573,1582,151.010392460549,260028.0,6989.0
1574,1583,154.256289012274,280233.0,6993.0
1575,1584,152.016210111046,255240.0,6988.0
1576,1585,151.380223378141,244768.0,6980.0
1577,1586,149.052715663355,283061.0,6984.0
1578,1587,147.465369140853,250073.0,6997.0
1579,1588,145.69724465225,253029.0,7001.0
1580,1589,148.022399883109,288568.0,7001.0
1581,1590,148.700186732905,239911.0,6999.0
1582,1591,147.515199298656,207488.0,6998.0
1583,1592,150.838420806546,200052.0,7001.0
1584,1593,147.375495149036,269250.0,7000.0
1585,1594,145.696360140269,249591.0,6998.0
1586,1595,143.130404734074,250575.0,7003.0
1587,1596,144.734203682057,325420.0,7003.0
1588,1597,144.599715078901,346490.0,6997.0
1589,1598,141.842442840444,320605.0,6996.0
1590,1599,142.304544126242,327301.0,7006.0
1591,1600,132.379981122151,308325.0,7002.0
1592,1601,121.505916423144,285240.0,6995.0
1593,1602,132.883688018703,294956.0,6965.0
1594,1603,127.844947691409,277875.0,6976.0
1595,1604,128.217562828755,302200.0,6971.0
1596,1605,127.097141145529,358805.0,6965.0
1597,1606,132.060468731736,298388.0,6958.0
1598,1607,127.814310578609,295909.0,6972.0
1599,1608,127.656445938048,307989.0,6968.0
1600,1609,124.881023085915,314833.0,6959.0
1601,1610,125.308429865576,298790.0,6963.0
1602,1611,126.181629456458,259478.0,6962.0
1603,1612,128.037601694915,243589.0,6964.0
1604,1613,134.639243717125,270245.0,6956.0
1605,1614,131.287466744594,261226.0,6948.0
1606,1615,128.511079777908,232196.0,6953.0
1607,1616,129.963875336061,231794.0,6951.0
1608,1617,126.730876972531,220624.0,6942.0
1609,1618,133.800767095266,255934.0,6947.0
1610,1619,134.050349210988,240546.0,6931.0
1611,1620,134.982177089421,229160.0,6939.0
1612,1621,143.988824079486,274755.0,6965.0
1613,1622,143.248955698422,276248.0,6967.0
1614,1623,140.872484044418,283219.0,6958.0
1615,1624,137.473664114553,282797.0,6954.0
1616,1625,143.789400935126,329508.0,6954.0
1617,1626,142.846074284044,281332.0,6952.0
1618,1627,145.447126008182,231191.0,6955.0
1619,1628,143.910222209234,260729.0,6971.0
1620,1629,166.047976914085,311555.0,6950.0
1621,1630,165.85377936879,321562.0,6970.0
1622,1631,164.052933255406,305974.0,6956.0
1623,1632,171.034402337814,295218.0,6961.0
1624,1633,175.074978375219,290720.0,6952.0
1625,1634,166.791822443016,269233.0,6944.0
1626,1635,166.927411046172,258251.0,6937.0
1627,1636,169.171668731736,287729.0,6942.0
1628,1637,167.545226271186,272179.0,6942.0
1629,1638,162.156525599065,257578.0,6951.0
1630,1639,162.247590707189,209705.0,6957.0
1631,1640,160.521455172414,208598.0,6960.0
1632,1641,167.159112974868,195000.0,6956.0
1633,1642,169.934313676213,238758.0,6965.0
1634,1643,175.276188486265,231471.0,6949.0
1635,1644,174.676776680304,231564.0,6955.0
1636,1645,184.256748977206,244211.0,6931.0
1637,1646,180.163670368206,239398.0,6930.0
1638,1647,183.562507656341,236095.0,6925.0
1639,1648,188.398108533022,235359.0,6913.0
1640,1649,189.341644067797,277543.0,6906.0
1641,1650,188.276665984804,234304.0,6905.0
1642,1651,205.125087901812,274536.0,6891.0
1643,1652,212.849642723553,287091.0,6901.0
1644,1653,222.863079719462,285999.0,6908.0
1645,1654,223.973379602572,348397.0,6902.0
1646,1655,228.467053126826,305845.0,6896.0
1647,1656,224.139831618936,318635.0,6901.0
1648,1657,237.649539333723,319771.0,6896.0
1649,1658,266.649455289304,394534.0,6898.0
1650,1659,267.940001870251,374630.0,6877.0
1651,1660,284.830649094097,323942.0,6894.0
1652,1661,265.033846464056,343999.0,6908.0
1653,1662,261.128690531853,337792.0,6913.0
1654,1663,266.608233372297,333123.0,6898.0
1655,1664,283.564988310929,344572.0,6894.0
1656,1665,261.077341028638,333141.0,6912.0
1657,1666,258.631871011105,317504.0,6909.0
1658,1667,265.90940414962,323587.0,6889.0
1659,1668,261.763375803624,314925.0,6903.0
1660,1669,274.979647574518,311622.0,6920.0
1661,1670,264.367167504383,320273.0,6893.0
1662,1671,248.53713220339,308551.0,6899.0
1663,1672,225.706557159556,368983.0,6886.0
1664,1673,226.398922033898,367385.0,6885.0
1665,1674,228.673918468732,387502.0,6883.0
1666,1675,220.10229421391,294354.0,6884.0
1667,1676,218.6236685564,321679.0,6895.0
1668,1677,231.194931618936,332395.0,6881.0
1669,1678,224.283570017534,335468.0,6888.0
1670,1679,224.156026826417,313708.0,6891.0
1671,1680,227.813605844535,321218.0,6893.0
1672,1681,244.330236002338,332267.0,6884.0
1673,1682,238.059852600818,290494.0,6875.0
1674,1683,202.765954997078,327289.0,6870.0
1675,1684,200.151101052016,383558.0,6830.0
1676,1685,200.851090531853,326753.0,6837.0
1677,1686,194.236009351257,348656.0,6823.0
1678,1687,110.32820163647,408928.0,6820.0
1679,1688,134.759985680888,400311.0,6842.0
1680,1689,122.078151256575,460743.0,6806.0
1681,1690,123.754734073641,438224.0,6785.0
1682,1691,110.34905873758,473741.0,6769.0
1683,1692,117.783463763881,445445.0,6699.0
1684,1693,117.683343658679,434714.0,6699.0
1685,1694,137.357502980713,465615.0,6685.0
1686,1695,131.532323261251,497777.0,6654.0
1687,1696,132.511633430742,537404.0,6646.0
1688,1697,122.442055523086,379207.0,6652.0
1689,1698,135.589770601987,426308.0,6658.0
1690,1699,139.414792226768,387996.0,6655.0
1691,1700,136.095511981297,380672.0,6664.0
1692,1701,138.608215488019,411661.0,6672.0
1693,1702,133.681614728229,394055.0,6672.0
1694,1703,131.027766510812,376618.0,6663.0
1695,1704,125.178745470485,318335.0,6678.0
1696,1705,132.902320514319,344397.0,6665.0
1697,1706,133.508133372297,353932.0,6669.0
1698,1707,135.85480654588,333042.0,6678.0
1699,1708,141.151746639392,340841.0,6671.0
1700,1709,141.727211279953,327371.0,6670.0
1701,1710,144.336282700175,325061.0,6667.0
1702,1711,142.972632963179,309777.0,6670.0
1703,1712,169.609724313267,388788.0,6660.0
1704,1713,164.21725949737,365713.0,6667.0
1705,1714,173.294784336645,419382.0,6651.0
1706,1715,170.28360490941,383729.0,6654.0
1707,1716,157.550598188194,376454.0,6657.0
1708,1717,158.431649327878,387711.0,6669.0
1709,1718,160.649303331385,365811.0,6668.0
1710,1719,157.198628579778,380405.0,6666.0
1711,1720,159.006158445354,384946.0,6655.0
1712,1721,152.951140736411,366353.0,6662.0
1713,1722,172.970440327294,368015.0,6661.0
1714,1723,172.23222063121,384794.0,6652.0
1715,1724,188.109414903565,408020.0,6667.0
1716,1725,181.230814377557,377254.0,6683.0
1717,1726,171.013763296318,386452.0,6689.0
1718,1727,171.489232904734,371823.0,6679.0
1719,1728,182.581804178843,369457.0,6666.0
1720,1729,185.6463264173,412555.0,6657.0
1721,1730,187.621841320865,391035.0,6673.0
1722,1731,193.785201928697,385847.0,6667.0
1723,1732,197.062440268849,397842.0,6678.0
1724,1733,196.565708679135,390999.0,6663.0
1725,1734,197.466412565751,404598.0,6662.0
1726,1735,215.38395207481,427482.0,6667.0
1727,1736,206.88486528346,417656.0,6648.0
1728,1737,212.713617767387,404034.0,6657.0
1729,1738,214.133870601987,398595.0,6670.0
1730,1739,210.090575306838,401201.0,6674.0
1731,1740,206.961926592636,362848.0,6672.0
1732,1741,204.885417007598,366254.0,6665.0
1733,1742,202.736075569842,384165.0,6649.0
1734,1743,212.990972822911,401731.0,6655.0
1735,1744,212.413128872005,407113.0,6663.0
1736,1745,210.774871127995,412090.0,6634.0
1737,1746,187.542486849795,415159.0,6658.0
1738,1747,185.715372296902,414250.0,6666.0
1739,1748,189.818459438925,378729.0,6672.0
1740,1749,199.938022559907,365732.0,6662.0
1741,1750,203.532877030976,364002.0,6652.0
1742,1751,195.121980303916,377934.0,6654.0
1743,1752,200.819766218586,375179.0,6666.0
1744,1753,207.07257685564,375674.0,6659.0
1745,1754,214.748162478083,381426.0,6657.0
1746,1755,213.820466744594,402897.0,6654.0
1747,1756,209.804793103448,385900.0,6630.0
1748,1757,198.91755698422,399759.0,6641.0
1749,1758,207.063677673875,413266.0,6642.0
1750,1759,206.906197253068,403516.0,6648.0
1751,1760,202.376306370544,366826.0,6662.0
1752,1761,204.292245002922,384146.0,6669.0
1753,1762,200.86048918761,399709.0,6666.0
1754,1763,207.498003798948,375085.0,6662.0
1755,1764,219.378571011105,405928.0,6658.0
1756,1765,220.784826300409,448382.0,6671.0
1757,1766,243.572401285798,420854.0,6654.0
1758,1767,231.444047457627,411586.0,6661.0
1759,1768,249.07495295149,418707.0,6648.0
1760,1769,237.179632554062,459219.0,6649.0
1761,1770,243.934139450614,418567.0,6638.0
1762,1771,243.647765984804,464243.0,6654.0
1763,1772,240.312976037405,562284.0,6629.0
1764,1773,242.019700292227,453437.0,6639.0
1765,1774,244.384643483343,395673.0,6639.0
1766,1775,245.968303565167,440239.0,6641.0
1767,1776,244.326140970193,436143.0,6648.0
1768,1777,247.704879544126,402483.0,6637.0
1769,1778,230.904400935126,409839.0,6637.0
1770,1779,237.162442723554,448201.0,6614.0
1771,1780,238.090407890123,443429.0,6637.0
1772,1781,232.137277089421,411985.0,6648.0
1773,1782,231.19783974284,442189.0,6634.0
1774,1783,235.136621215663,429484.0,6625.0
1775,1784,233.687851022794,396283.0,6640.0
1776,1785,231.331098889538,469733.0,6615.0
1777,1786,228.77822402104,457647.0,6604.0
1778,1787,228.919830800701,496236.0,6603.0
1779,1788,227.579033606078,470005.0,6609.0
1780,1789,243.220758153127,447809.0,6583.0
1781,1790,242.92121899474,489995.0,6577.0
1782,1791,234.823753360608,485760.0,6592.0
1783,1792,232.421420689655,498356.0,6613.0
1784,1793,229.694167387493,503748.0,6628.0
1785,1794,220.699442022209,489823.0,6620.0
1786,1795,224.443460666277,513042.0,6635.0
1787,1796,228.02034137931,545051.0,6624.0
1788,1797,225.722754821742,512942.0,6623.0
1789,1798,231.145918468732,504674.0,6619.0
1790,1799,226.701505376973,542715.0,6598.0
1791,1800,225.098854763296,506616.0,6574.0
1792,1801,228.866272063121,530885.0,6591.0
1793,1802,227.667268264173,564010.0,6579.0
1794,1803,241.179081239042,521875.0,6585.0
1795,1804,239.013429573349,548179.0,6580.0
1796,1805,246.8441157218,515130.0,6570.0
1797,1806,241.651818585622,511545.0,6596.0
1798,1807,241.033700116891,506070.0,6584.0
1799,1808,239.307040619521,569659.0,6582.0
1800,1809,241.309591174752,567829.0,6574.0
1801,1810,239.326373816482,529772.0,6562.0
1802,1811,240.638817942724,520157.0,6580.0
1803,1812,238.38143962595,520924.0,6568.0
1804,1813,233.549674108708,447490.0,6568.0
1805,1814,232.845427235535,475009.0,6579.0
1806,1815,235.909914962011,447224.0,6582.0
1807,1816,239.358145821157,462835.0,6589.0
1808,1817,236.361256282876,478223.0,6573.0
1809,1818,245.250595441262,440067.0,6544.0
1810,1819,264.199169491525,470998.0,6534.0
1811,1820,275.223812536528,491363.0,6531.0
1812,1821,279.907534424313,487996.0,6527.0
1813,1822,305.402152542373,510336.0,6531.0
1814,1823,311.039973524255,519206.0,6549.0
1815,1824,323.233886908241,551497.0,6534.0
1816,1825,318.015537200468,596151.0,6548.0
1817,1826,318.025945938048,523675.0,6546.0
1818,1827,335.964082875511,521352.0,6539.0
1819,1828,346.179992285213,550668.0,6526.0
1820,1829,387.185885447107,562801.0,6543.0
1821,1830,372.180671654004,626146.0,6527.0
1822,1831,385.487812390415,575598.0,6503.0
1823,1832,390.662864699006,594577.0,6490.0
1824,1833,400.601196084161,611242.0,6478.0
1825,1834,393.995932495617,582260.0,6475.0
1826,1835,380.330053886616,529429.0,6485.0
1827,1836,392.360176504968,532607.0,6492.0
1828,1837,389.183157393337,493476.0,6494.0
1829,1838,395.407852425482,500790.0,6499.0
1830,1839,379.111338983051,473147.0,6514.0
1831,1840,387.208174751607,440096.0,6503.0
1832,1841,424.799460081823,486979.0,6504.0
1833,1842,438.076865575687,520788.0,6470.0
1834,1843,432.609198421976,600612.0,6472.0
1835,1844,432.939172822911,549697.0,6460.0
1836,1845,432.841464172998,526760.0,6464.0
1837,1846,423.346332086499,467068.0,6435.0
1838,1847,406.879427819988,474989.0,6440.0
1839,1848,416.25978755114,467326.0,6452.0
1840,1849,387.2406050263,492967.0,6447.0
1841,1850,395.912521332554,555166.0,6455.0
1842,1851,391.947607364115,582203.0,6458.0
1843,1852,408.792199473992,489798.0,6447.0
1844,1853,383.604969725307,509157.0,6447.0
1845,1854,386.34381735827,516867.0,6436.0
1846,1855,382.349150496785,538449.0,6434.0
1847,1856,395.03972980713,510764.0,6412.0
1848,1857,400.368165575687,453869.0,6404.0
1849,1858,428.196437931035,390040.0,6393.0
1850,1859,436.09076943308,412302.0,6384.0
1851,1860,480.749175862069,434255.0,6363.0
1852,1861,441.214134132087,405978.0,6372.0
1853,1862,383.542584979544,410463.0,6396.0
1854,1863,386.66907597896,476106.0,6374.0
1855,1864,331.420088544711,403351.0,6422.0
1856,1865,353.227129573349,544008.0,6422.0
1857,1866,352.806469023963,470998.0,6375.0
1858,1867,336.716558094682,520483.0,6372.0
1859,1868,352.053948568089,406766.0,6362.0
1860,1869,367.380867621274,365959.0,6351.0
1861,1870,373.966615780245,356479.0,6333.0
1862,1871,386.216055055523,405023.0,6331.0
1863,1872,365.641607831677,418818.0,6341.0
1864,1873,375.801003682057,384998.0,6348.0
1865,1874,363.936595733489,408754.0,6333.0
1866,1875,365.322076212741,391793.0,6316.0
1867,1876,389.446111046172,499706.0,6299.0
1868,1877,382.261676271186,480140.0,6293.0
1869,1878,385.246569666861,481384.0,6282.0
1870,1879,371.207025715956,465984.0,6284.0
1871,1880,342.456390473407,486381.0,6288.0
1872,1881,343.503662536528,431660.0,6278.0
1873,1882,320.588590882525,454852.0,6276.0
1874,1883,349.144016014027,487588.0,6275.0
1875,1884,351.713962361192,455205.0,6244.0
1876,1885,354.601045762712,491205.0,6226.0
1877,1886,356.121992752776,488227.0,6236.0
1878,1887,355.45993395675,434364.0,6235.0
1879,1888,359.701439801286,429114.0,6253.0
1880,1889,359.976752483928,412900.0,6252.0
1881,1890,352.360856049094,447266.0,6265.0
1882,1891,345.801279485681,458931.0,6281.0
1883,1892,346.652968907072,470605.0,6272.0
1884,1893,352.339400233781,472428.0,6295.0
1885,1894,353.191780187025,406952.0,6311.0
1886,1895,340.10351987142,423241.0,6315.0
1887,1896,341.159963997662,428105.0,6299.0
1888,1897,350.527496376388,430143.0,6290.0
1889,1898,366.247890999416,463202.0,6286.0
1890,1899,371.282805143191,472917.0,6266.0
1891,1900,374.145406195207,567079.0,6253.0
1892,1901,387.670968731736,496784.0,6228.0
1893,1902,381.544274576271,507728.0,6244.0
1894,1903,378.828993045003,499024.0,6252.0
1895,1904,377.502910286382,622855.0,6250.0
1896,1905,366.299949853887,649222.0,6265.0
1897,1906,368.318269374635,654595.0,6281.0
1898,1907,377.921652425482,622632.0,6292.0
1899,1908,379.463028462887,490775.0,6291.0
1900,1909,368.843862653419,484476.0,6299.0
1901,1910,392.473164231444,499062.0,6296.0
1902,1911,414.43640578609,519373.0,6287.0
1903,1912,409.339998597312,518375.0,6254.0
1904,1913,412.26885710111,603627.0,6268.0
1905,1914,406.742800642899,586099.0,6268.0
1906,1915,394.010756575102,491011.0,6287.0
1907,1916,404.045446814728,516481.0,6283.0
1908,1917,388.90336364699,485592.0,6296.0
1909,1918,386.788421098773,437339.0,6308.0
1910,1919,383.596369959088,487850.0,6310.0
1911,1920,386.585236119229,523774.0,6312.0
1912,1921,395.57778264173,524955.0,6317.0
1913,1922,383.848317066043,489991.0,6331.0
1914,1923,388.5481997077732,507085.0,6362.0
1915,1924,401.7956138515488,625419.0,6397.0
1916,1925,416.99735464640565,502128.0,6381.0
1917,1926,456.4478808883693,573232.0,6357.0
1918,1927,436.77211285797785,545032.0,6362.0
1919,1928,455.37572986557575,607371.0,6392.0
1920,1929,444.5479997077731,545082.0,6372.0
1921,1930,451.5016406195208,491180.0,6371.0
1922,1931,464.2159424897722,646367.0,6370.0
1923,1932,462.866499824664,588103.0,6394.0
1924,1933,476.57134097019286,523034.0,6375.0
1925,1934,462.5514587960258,572107.0,6379.0
1926,1935,449.3456436002338,504327.0,6388.0
1927,1936,462.2547316189363,497314.0,6371.0
1928,1937,482.6950050263004,517582.0,6408.0
1929,1938,479.4918066627703,500099.0,6416.0
1930,1939,471.1500233781415,498682.0,6413.0
1931,1940,509.56297720631215,529365.0,6415.0
1932,1941,547.3534804208066,577881.0,6430.0
1933,1942,565.1310609000584,557067.0,6418.0
1934,1943,607.2141186440678,557131.0,6399.0
1935,1944,604.573530742256,544793.0,6377.0
1936,1945,568.2473562828757,545213.0,6354.0
1937,1946,518.3973562244302,551486.0,6351.0
1938,1947,517.041817182934,559050.0,6364.0
1939,1948,540.829210052601,689375.0,6360.0
1940,1949,574.8735552308593,739327.0,6367.0
1941,1950,613.469492402104,527321.0,6364.0
1942,1951,588.2515552308593,559564.0,6356.0
1943,1952,598.9264098188193,464131.0,6346.0
1944,1953,617.5542700175337,498903.0,6325.0
1945,1954,572.1771762711863,491692.0,6334.0
1946,1955,594.9156954997078,562799.0,6336.0
1947,1956,602.2467767387493,505086.0,6319.0
1948,1957,591.8200952659263,504152.0,6322.0
1949,1958,554.318545295149,498285.0,6336.0
1950,1959,574.2140723553478,496565.0,6337.0
1951,1960,560.4503168907073,462934.0,6333.0
1952,1961,545.483657510228,483189.0,6335.0
1953,1962,568.545423261251,509468.0,6331.0
1954,1963,590.522730625365,569270.0,6319.0
1955,1964,586.470181297487,541545.0,6296.0
1956,1965,589.000816832262,526599.0,6310.0
1957,1966,636.205011104617,570129.0,6321.0
1958,1967,642.788150204559,633044.0,6292.0
1959,1968,652.01013056692,554504.0,6297.0
1960,1969,659.714045002922,546564.0,6289.0
1961,1970,638.561923436587,487968.0,6286.0
1962,1971,612.546497369959,487201.0,6294.0
1963,1972,634.17585622443,479420.0,6292.0
1964,1973,588.508848042081,536115.0,6280.0
1965,1974,611.893571595558,525234.0,6284.0
1966,1975,625.840292518995,475861.0,6286.0
1967,1976,635.806854120397,465782.0,6287.0
1968,1977,688.480685447107,508702.0,6251.0
1969,1978,730.518296902396,545718.0,6251.0
1970,1979,731.936295733489,520345.0,6279.0
1971,1980,751.208063705435,522935.0,6264.0
1972,1981,739.025849853887,489924.0,6255.0
1973,1982,730.91432063121,511250.0,6278.0
1974,1983,775.296622443016,516268.0,6248.0
1975,1984,990.365324956166,584367.0,6212.0
1976,1985,1030.31844886032,624273.0,6163.0
1977,1986,1101.55981414378,592340.0,6139.0
1978,1987,1199.35239976622,616836.0,6135.0
1979,1988,1220.21421332554,659444.0,6150.0
1980,1989,1219.88072121566,626952.0,6138.0
1981,1990,1286.97022314436,613021.0,6111.0
1982,1991,1265.43626750438,617780.0,6112.0
1983,1992,1082.905685564,640858.0,6111.0
1984,1993,1038.8394176505,561907.0,6116.0
1985,1994,1127.92676271186,545700.0,6098.0
1986,1995,1212.61922150789,570542.0,6103.0
1987,1996,1167.64685096435,586641.0,6095.0
1988,1997,1231.50994839275,575783.0,6099.0
1989,1998,1242.04924137931,549860.0,6077.0
1990,1999,1252.15644476914,557612.0,6063.0
1991,2000,1386.08540385739,602799.0,6013.0
1992,2001,1367.82303974284,567023.0,6022.0
1993,2002,1132.69443191116,542409.0,6021.0
1994,2003,1235.37204792519,534147.0,6011.0
1995,2004,1232.76174810053,514786.0,6020.0
1996,2005,1387.23029631794,516253.0,6016.0
1997,2006,1325.60759380479,546624.0,5996.0
1998,2007,1361.84900292227,562311.0,6003.0
1999,2008,1245.93815055523,503736.0,6015.0
2000,2009,1341.7747030976,555693.0,6012.0
2001,2010,1383.40889538282,630359.0,5984.0
2002,2011,1379.86854237288,604318.0,5972.0
2003,2012,1317.346364173,572249.0,5985.0
2004,2013,1369.95499357101,578791.0,5977.0
2005,2014,1524.16825189947,607597.0,5974.0
2006,2015,1659.52005435418,632493.0,5955.0
2007,2016,1608.39752355348,637964.0,5976.0
2008,2017,1720.47846616014,610442.0,5956.0
2009,2018,1683.70779380479,632419.0,5969.0
2010,2019,1616.04266183518,619186.0,5953.0
2011,2020,1743.54479135009,629676.0,5937.0
2012,2021,1770.83282057276,604814.0,5940.0
2013,2022,1748.21180596143,616673.0,5948.0
2014,2023,1785.58308942139,613894.0,5927.0
2015,2024,1846.45420058445,596108.0,5921.0
2016,2025,1819.41280268849,565120.0,5924.0
2017,2026,1811.5666792519,556676.0,5924.0
2018,2027,1787.53062191701,572155.0,5919.0
2019,2028,1780.61989596727,570877.0,5918.0
2020,2029,1845.23994155465,585027.0,5903.0
2021,2030,1932.41152659264,602485.0,5894.0
2022,2031,1961.02429018118,629683.0,5890.0
2023,2032,1912.80253489188,644880.0,5890.0
2024,2033,1933.88384745763,605781.0,5871.0
2025,2034,1771.20859848042,623584.0,5884.0
2026,2035,1563.04562419638,629862.0,5886.0
2027,2036,1616.56383693746,626252.0,5892.0
2028,2037,1491.46385715956,618961.0,5880.0
2029,2038,1442.30312273524,606678.0,5859.0
2030,2039,1454.03216890707,568481.0,5863.0
2031,2040,1425.38586674459,582699.0,5847.0
2032,2041,1563.23598036236,580615.0,5846.0
2033,2042,1489.87889421391,597128.0,5816.0
2034,2043,1584.06700526008,560868.0,5822.0
2035,2044,1538.02277644652,599915.0,5828.0
2036,2045,1530.84029181765,524802.0,5818.0
2037,2046,1659.83834599649,541924.0,5828.0
2038,2047,1719.16063705435,501185.0,5822.0
2039,2048,1826.12504734074,535335.0,5825.0
2040,2049,1862.02863687902,576354.0,5816.0
2041,2050,1803.4244905903,584652.0,5803.0
2042,2051,1827.71346113384,625273.0,5791.0
2043,2052,1768.50364453536,593965.0,5799.0
2044,2053,1927.20756627703,592726.0,5796.0
2045,2054,1874.14906195208,588107.0,5782.0
2046,2055,1796.90510976037,594607.0,5776.0
2047,2056,1796.95172822911,589999.0,5772.0
2048,2057,1818.86739976622,570729.0,5776.0
2049,2058,1781.64520666277,595484.0,5775.0
2050,2059,1810.37383459965,596157.0,5774.0
2051,2060,1812.74496884863,580711.0,5779.0
2052,2061,1784.72563880771,588077.0,5778.0
2053,2062,1689.11376779661,571996.0,5786.0
2054,2063,1671.75213500877,602865.0,5792.0
2055,2064,1586.88241320865,600217.0,5775.0
2056,2065,1588.93212396259,633758.0,5755.0
2057,2066,1695.66907773232,585052.0,5773.0
2058,2067,1718.1190917592,587024.0,5770.0
2059,2068,1685.16250900058,574675.0,5762.0
2060,2069,1811.1432226768,577924.0,5777.0
2061,2070,1840.87399678551,576687.0,5773.0
2062,2071,1916.88001928697,607390.0,5771.0
2063,2072,1971.24078258329,652694.0,5779.0
2064,2073,2134.06883985973,660375.0,5747.0
2065,2074,2025.14887843366,602032.0,5732.0
2066,2075,2077.39558153127,600579.0,5732.0
2067,2076,2099.52728872005,617293.0,5748.0
2068,2077,2116.90126201052,621029.0,5746.0
2069,2078,1985.39789129164,615252.0,5755.0
2070,2079,2078.55003594389,625726.0,5739.0
2071,2080,2066.05360420807,607159.0,5740.0
2072,2081,2130.18779029807,688534.0,5722.0
2073,2082,2144.37211630625,649887.0,5708.0
2074,2083,2142.82890011689,649920.0,5717.0
2075,2084,2297.89169135009,641476.0,5718.0
2076,2085,2430.29892869667,662089.0,5721.0
2077,2086,2519.58225540619,605799.0,5719.0
2078,2087,2428.35284687317,681905.0,5707.0
2079,2088,2342.16061426067,692901.0,5702.0
2080,2089,2243.48254529515,673448.0,5699.0
2081,2090,2168.6250818235,716119.0,5719.0
2082,2091,2328.50510870836,767283.0,5740.0
2083,2092,2363.99523424898,771703.0,5719.0
2084,2093,2419.70522676797,768202.0,5719.0
2085,2094,2357.12506639392,755129.0,5710.0
2086,2095,2236.58652717709,900893.0,5700.0
2087,2096,2300.55654880187,905234.0,5703.0
2088,2097,2526.05887901812,748796.0,5689.0
2089,2098,2646.34933898305,766759.0,5685.0
2090,2099,2740.23064289889,736099.0,5685.0
2091,2100,2760.50726008182,734353.0,5703.0
2092,2101,2770.29005821157,720859.0,5709.0
2093,2102,2949.31864056107,808667.0,5707.0
2094,2103,2952.47679661017,772483.0,5717.0
2095,2104,3430.64827410871,773107.0,5710.0
2096,2105,3274.89152846289,786367.0,5692.0
2097,2106,3525.92409964933,789933.0,5674.0
2098,2107,3500.54310403273,773968.0,5668.0
2099,2108,3482.63239333723,756547.0,5675.0
2100,2109,3886.76699649328,847017.0,5744.0
2101,2110,3916.08141320865,894748.0,5721.0
2102,2111,3954.28315780245,857448.0,5698.0
2103,2112,4155.77199766219,868387.0,5675.0
2104,2113,3975.50227118644,842506.0,5690.0
2105,2114,3687.15909000585,883375.0,5691.0
2106,2115,4086.70976446523,809164.0,5679.0
2107,2116,3672.60174400935,771604.0,5674.0
2108,2117,3565.84300116891,749768.0,5664.0
2109,2118,3280.03027819988,729765.0,5659.0
2110,2119,3368.23962887201,690475.0,5656.0
2111,2120,2535.73623553478,795909.0,5666.0
2112,2121,2777.92518293396,766729.0,5656.0
2113,2122,2413.98438398597,700299.0,5649.0
2114,2123,2320.84220163647,689227.0,5643.0
2115,2124,2105.59847983635,753755.0,5644.0
2116,2125,2626.16846405611,696056.0,5651.0
2117,2126,2696.5863798948,655006.0,5631.0
2118,2127,2868.71953185272,687683.0,5653.0
2119,2128,2743.10334950321,723157.0,5648.0
2120,2129,2415.30300233781,646541.0,5643.0
2121,2130,2288.85813150205,798571.0,5645.0
2122,2131,2391.71209117475,736524.0,5645.0
2123,2132,2699.21445762712,736541.0,5648.0
2124,2133,2626.20154821742,680280.0,5650.0
2125,2134,2713.1598679135,650349.0,5633.0
2126,2135,2858.60099824664,687298.0,5633.0
2127,2136,2689.27742548217,713691.0,5629.0
2128,2137,2604.97053763881,829614.0,5616.0
2129,2138,2706.09854120397,809211.0,5612.0
2130,2139,2600.15911221508,657176.0,5630.0
2131,2140,2519.05763530099,616660.0,5629.0
2132,2141,2605.63110461718,627838.0,5641.0
2133,2142,2481.38075686733,656459.0,5650.0
2134,2143,2345.03141963764,614211.0,5627.0
2135,2144,2380.84033372297,692247.0,5629.0
2136,2145,2504.64639216832,673559.0,5627.0
2137,2146,2577.04473863238,633811.0,5634.0
2138,2147,2552.74103641146,626558.0,5628.0
2139,2148,2360.99938690824,589164.0,5632.0
2140,2149,2368.38859555815,585530.0,5626.0
2141,2150,2224.57531969608,576902.0,5643.0
2142,2151,2174.75470251315,578685.0,5631.0
2143,2152,2242.66345575687,641786.0,5635.0
2144,2153,1900.39307790766,643760.0,5633.0
2145,2154,1867.62379953244,665961.0,5632.0
2146,2155,1962.11004383402,629109.0,5615.0
2147,2156,1986.66540841613,656611.0,5610.0
2148,2157,1817.84698246639,631565.0,5616.0
2149,2158,1801.97627527762,683140.0,5619.0
2150,2159,1964.52191887785,709963.0,5600.0
2151,2160,2079.27833594389,821105.0,5609.0
2152,2161,2169.99023261251,677340.0,5606.0
2153,2162,2272.2690578609,625497.0,5616.0
2154,2163,2114.55608357686,616892.0,5640.0
2155,2164,2149.99972472238,631727.0,5632.0
2156,2165,2215.90323232028,656263.0,5633.0
2157,2166,2325.91749795441,655655.0,5631.0
2158,2167,2218.63208416131,620458.0,5614.0
2159,2168,2318.10661835184,584335.0,5631.0
2160,2169,2317.0795447107,589986.0,5623.0
2161,2170,2118.9243308007,590368.0,5643.0
2162,2171,2153.77373816482,595204.0,5637.0
2163,2172,2117.0639672706,546313.0,5630.0
2164,2173,2140.19288661601,579907.0,5629.0
2165,2174,2033.03133489188,552707.0,5629.0
2166,2175,1939.6402729398,566015.0,5630.0
2167,2176,1992.4420251315,590372.0,5619.0
2168,2177,1912.8743012858,604456.0,5608.0
2169,2178,1878.1075873758,570153.0,5626.0
2170,2179,1896.9661233197,548368.0,5624.0
2171,2180,1892.68808708358,535035.0,5631.0
2172,2181,1822.20903623612,583929.0,5632.0
2173,2182,1785.33395441262,588417.0,5636.0
2174,2183,1985.49203565167,602196.0,5630.0
2175,2184,2020.92230333139,592395.0,5639.0
2176,2185,2112.71626434833,614920.0,5657.0
2177,2186,2179.33793220339,629545.0,5659.0
2178,2187,2187.44493687902,568298.0,5652.0
2179,2188,2241.15922676797,653888.0,5635.0
2180,2189,2286.22890005845,734086.0,5636.0
2181,2190,2297.03134436002,693819.0,5631.0
2182,2191,2384.45420572764,630678.0,5625.0
2183,2192,2451.30431092928,627398.0,5638.0
2184,2193,2544.37537592051,617087.0,5643.0
2185,2194,2563.73753068381,611381.0,5630.0
2186,2195,2619.04099941555,648782.0,5614.0
2187,2196,2512.91529164231,599206.0,5613.0
2188,2197,2727.93425365284,605815.0,5615.0
2189,2198,2825.53530894214,527821.0,5606.0
2190,2199,2888.0342554062,528549.0,5629.0
2191,2200,3143.38030099357,515005.0,5643.0
2192,2201,3027.3480818235,528092.0,5622.0
2193,2202,3158.26921624781,515126.0,5610.0
2194,2203,3141.72382559907,521467.0,5609.0
2195,2204,3168.56298947984,524068.0,5621.0
2196,2205,3038.06152659264,527453.0,5635.0
2197,2206,3316.4789421391,522903.0,5620.0
2198,2207,3268.96369590883,500098.0,5619.0
2199,2208,3310.72739333723,490026.0,5619.0
2200,2209,3157.77383635301,542707.0,5606.0
2201,2210,3020.57140093513,530632.0,5610.0
2202,2211,3041.32005961426,513850.0,5611.0
2203,2212,3173.97182279369,563049.0,5619.0
2204,2213,3278.21872413793,562207.0,5631.0
2205,2214,3234.70727819988,529227.0,5635.0
2206,2215,3245.89347866745,512239.0,5625.0
2207,2216,3322.63785096435,538782.0,5623.0
2208,2217,3183.60909175921,521034.0,5611.0
2209,2218,3228.70326125073,499357.0,5618.0
2210,2219,3120.59653535944,498866.0,5628.0
2211,2220,3270.01309877265,484938.0,5625.0
2212,2221,3242.67174956166,507969.0,5627.0
2213,2222,3230.91460140269,492973.0,5624.0
2214,2223,3238.36036382233,518591.0,5631.0
2215,2224,3431.94775306838,552052.0,5613.0
2216,2225,3793.82968188194,557665.0,5623.0
2217,2226,3791.89593600234,567055.0,5615.0
2218,2227,3918.58263822326,512274.0,5614.0
2219,2228,3886.23001350088,520029.0,5612.0
2220,2229,3954.61792343659,497386.0,5605.0
2221,2230,3928.83401098773,526972.0,5612.0
2222,2231,3432.84963062537,558575.0,5614.0
2223,2232,3507.77644915254,525185.0,5623.0
2224,2233,3432.86342255991,531349.0,5626.0
2225,2234,3204.17646580947,570844.0,5615.0
2226,2235,3259.20964196376,627703.0,5604.0
2227,2236,3417.71937288136,571553.0,5594.0
2228,2237,3289.54985417884,631801.0,5600.0
2229,2238,3419.67508416131,582577.0,5606.0
2230,2239,3591.05804003507,573832.0,5607.0
2231,2240,3567.72092518995,548934.0,5605.0
2232,2241,3396.52101694915,524420.0,5615.0
2233,2242,3425.02434453536,536379.0,5613.0
2234,2243,3319.99040093513,516798.0,5604.0
2235,2244,2965.36816510812,495260.0,5606.0
2236,2245,2745.84817299825,524491.0,5594.0
2237,2246,3063.72133167738,534706.0,5604.0
2238,2247,3147.4950742256,534322.0,5605.0
2239,2248,2932.5593233197,506370.0,5619.0
2240,2249,2932.4982798948,520156.0,5612.0
2241,2250,3048.59561689071,473720.0,5630.0
2242,2251,2952.49630537697,502883.0,5625.0
2243,2252,2815.59470835769,495483.0,5630.0
2244,2253,2843.27176943308,507213.0,5641.0
2245,2254,3001.52751344243,499027.0,5629.0
2246,2255,3299.44177030976,571555.0,5626.0
2247,2256,3393.85702828755,520148.0,5607.0
2248,2257,3420.43901578025,522883.0,5611.0
2249,2258,3391.62332057276,495269.0,5620.0
2250,2259,3520.41445382817,562664.0,5613.0
2251,2260,3588.43408123904,663598.0,5600.0
2252,2261,3589.30707393337,629638.0,5595.0
2253,2262,3561.09410490941,600444.0,5608.0
2254,2263,3579.87203652835,585764.0,5602.0
2255,2264,3432.00171537113,537498.0,5598.0
2256,2265,3519.56701022794,538819.0,5593.0
2257,2266,3491.26025043834,546485.0,5597.0
2258,2267,3597.56289830509,531986.0,5590.0
2259,2268,3786.54223734658,554284.0,5599.0
2260,2269,3861.71246171829,556422.0,5596.0
2261,2270,3836.76805020456,583224.0,5591.0
2262,2271,3836.39770426651,551919.0,5597.0
2263,2272,3746.06606575102,571995.0,5620.0
2264,2273,3875.04413851549,590942.0,5617.0
2265,2274,4153.38661163063,617868.0,5596.0
2266,2275,4065.16743161894,614827.0,5569.0
2267,2276,3975.54315663355,599969.0,5573.0
2268,2277,4159.57953886616,613429.0,5562.0
2269,2278,4076.59357364115,597173.0,5568.0
2270,2279,4214.41058854471,601354.0,5568.0
2271,2280,4130.63251782583,611278.0,5573.0
2272,2281,3947.62192840444,619065.0,5583.0
2273,2282,4278.7702685564,692895.0,5581.0
2274,2283,4413.18682086499,711170.0,5581.0
2275,2284,4311.34383021625,659890.0,5590.0
2276,2285,4293.96550701344,627758.0,5591.0
2277,2286,4325.78806049094,659286.0,5584.0
2278,2287,4586.37950379895,676773.0,5568.0
2279,2288,4598.85212857978,698046.0,5567.0
2280,2289,4535.60184395091,667720.0,5560.0
2281,2290,4476.89731385155,653773.0,5560.0
2282,2291,4511.6425622443,626350.0,5564.0
2283,2292,4609.29109146698,635935.0,5558.0
2284,2293,4811.1564628872,652986.0,5556.0
2285,2294,4735.69674663939,615664.0,5562.0
2286,2295,4619.95512857978,667074.0,5558.0
2287,2296,4727.74631618936,648382.0,5564.0
2288,2297,4662.76119988311,643078.0,5555.0
2289,2298,4644.9424868498,645915.0,5549.0
2290,2299,4609.51656691993,643454.0,5559.0
2291,2300,4569.40776972531,606036.0,5555.0
2292,2301,4234.13146493279,609879.0,5560.0
2293,2302,4265.59900555231,695412.0,5566.0
2294,2303,3985.67437317358,591159.0,5566.0
2295,2304,4291.28635008767,609855.0,5574.0
2296,2305,4413.14425073057,557040.0,5578.0
2297,2306,4310.08043366452,607664.0,5546.0
2298,2307,4096.77240122735,546021.0,5551.0
2299,2308,4348.15622793688,580961.0,5547.0
2300,2309,4261.96911367621,603667.0,5540.0
2301,2310,4526.04295119813,593204.0,5541.0
2302,2311,4052.00856838106,600397.0,5553.0
2303,2312,4086.92330187025,550278.0,5550.0
2304,2313,4291.07917124489,527847.0,5545.0
2305,2314,4448.40999064874,600953.0,5550.0
2306,2315,4645.05362711864,626327.0,5559.0
2307,2316,4584.53445119813,580964.0,5547.0
2308,2317,4527.54475686733,608130.0,5533.0
2309,2318,4232.93315078901,565387.0,5533.0
2310,2319,4097.76126125073,552443.0,5558.0
2311,2320,4190.58069286967,827717.0,5560.0
2312,2321,4341.94102104033,590753.0,5557.0
2313,2322,4303.76265166569,596212.0,5537.0
2314,2323,4427.31263383986,646034.0,5559.0
2315,2324,4157.28748042081,607680.0,5583.0
2316,2325,3931.61310549386,615403.0,5578.0
2317,2326,4079.58498480421,580530.0,5573.0
2318,2327,4140.98769053185,597667.0,5583.0
2319,2328,3788.08233664524,610120.0,5601.0
2320,2329,3850.76330829924,617852.0,5588.0
2321,2330,4015.64231209819,607024.0,5582.0
2322,2331,3973.45109526593,601544.0,5571.0
2323,2332,3885.43008158971,615024.0,5575.0
2324,2333,3965.87124079486,567904.0,5566.0
2325,2334,3937.56586236119,565356.0,5563.0
2326,2335,3939.67427615429,591471.0,5560.0
2327,2336,4028.99787901812,597366.0,5554.0
2328,2337,3984.71278784337,628067.0,5545.0
2329,2338,4101.84956078317,593941.0,5542.0
2330,2339,4045.16450350672,629178.0,5535.0
2331,2340,4099.92122180012,609519.0,5539.0
2332,2341,4070.35206282876,592617.0,5543.0
2333,2342,4044.38847749854,621785.0,5533.0
2334,2343,3806.11023553477,595033.0,5521.0
2335,2344,3638.66337872589,564075.0,5516.0
2336,2345,3708.0373351841,602455.0,5543.0
2337,2346,3686.9517918761,578541.0,5528.0
2338,2347,3761.05964026885,581311.0,5525.0
2339,2348,3832.36560987726,551999.0,5527.0
2340,2349,3765.44034950322,591355.0,5530.0
2341,2350,3796.64046078317,601545.0,5536.0
2342,2351,3545.75825844535,632108.0,5539.0
2343,2352,3413.23750263004,607698.0,5529.0
2344,2353,3190.12681209819,589284.0,5531.0
2345,2354,3092.88001665693,596126.0,5523.0
2346,2355,3154.84015575687,534490.0,5523.0
2347,2356,3079.86577586207,524871.0,5522.0
2348,2357,3241.95426534191,591387.0,5513.0
2349,2358,3372.8478100526,634923.0,5514.0
2350,2359,3253.07153477499,658809.0,5517.0
2351,2360,3308.71572647575,593127.0,5521.0
2352,2361,3334.44671624781,616539.0,5522.0
2353,2362,3356.33249970777,591291.0,5518.0
2354,2363,3211.12031502046,592964.0,5522.0
2355,2364,3165.79673085915,584160.0,5507.0
2356,2365,3105.41949795441,606824.0,5500.0
2357,2366,3011.87563880772,591926.0,5512.0
2358,2367,2565.0556484512,567602.0,5514.0
2359,2368,2400.82875043834,566831.0,5509.0
2360,2369,2533.49403682057,541675.0,5482.0
2361,2370,2439.12303068381,550405.0,5492.0
2362,2371,2458.38200011689,571546.0,5495.0
2363,2372,2467.10777206312,559575.0,5489.0
2364,2373,2412.6244704851,537712.0,5498.0
2365,2374,2545.54989713618,563346.0,5500.0
2366,2375,2593.19728784337,564640.0,5494.0
2367,2376,2610.55529894798,581902.0,5497.0
2368,2377,2686.26782933957,603863.0,5511.0
2369,2378,2795.5781528346,596581.0,5517.0
2370,2379,2686.64838047925,582513.0,5527.0
2371,2380,2670.65337931034,564023.0,5520.0
2372,2381,2969.93218322618,600858.0,5511.0
2373,2382,3017.60991642314,664335.0,5505.0
